filename,drivingtype
p01_20221103_an1_036_03_0001.png,정상
p01_20221103_an1_036_03_0001.png,정상
p01_20221103_an1_036_03_0001.png,정상
p01_20221103_an1_036_03_0002.png,정상
p01_20221103_an1_036_03_0002.png,정상
p01_20221103_an1_036_03_0002.png,정상
p01_20221103_an1_036_03_0003.png,정상
p01_20221103_an1_036_03_0003.png,정상
p01_20221103_an1_036_03_0003.png,정상
p01_20221103_an1_036_03_0004.png,정상
p01_20221103_an1_036_03_0004.png,정상
p01_20221103_an1_036_03_0004.png,정상
p01_20221103_an1_036_03_0005.png,정상
p01_20221103_an1_036_03_0005.png,정상
p01_20221103_an1_036_03_0005.png,정상
p01_20221103_an1_036_03_0006.png,방향지시등 불이행
p01_20221103_an1_036_03_0006.png,정상
p01_20221103_an1_036_03_0006.png,정상
p01_20221103_an1_036_03_0007.png,방향지시등 불이행
p01_20221103_an1_036_03_0007.png,정상
p01_20221103_an1_036_03_0007.png,정상
p01_20221103_an1_036_03_0008.png,방향지시등 불이행
p01_20221103_an1_036_03_0008.png,정상
p01_20221103_an1_036_03_0008.png,정상
p01_20221103_an1_036_03_0009.png,방향지시등 불이행
p01_20221103_an1_036_03_0009.png,정상
p01_20221103_an1_036_03_0009.png,정상
p01_20221103_an1_036_03_0010.png,방향지시등 불이행
p01_20221103_an1_036_03_0010.png,정상
p01_20221103_an1_036_03_0010.png,정상
p01_20221103_an1_036_03_0011.png,방향지시등 불이행
p01_20221103_an1_036_03_0011.png,정상
p01_20221103_an1_036_03_0011.png,정상
p01_20221103_an1_036_03_0012.png,방향지시등 불이행
p01_20221103_an1_036_03_0012.png,정상
p01_20221103_an1_036_03_0012.png,정상
p01_20221103_an1_036_03_0013.png,방향지시등 불이행
p01_20221103_an1_036_03_0013.png,정상
p01_20221103_an1_036_03_0013.png,정상
p01_20221103_an1_036_03_0014.png,방향지시등 불이행
p01_20221103_an1_036_03_0014.png,정상
p01_20221103_an1_036_03_0014.png,정상
p01_20221103_an1_036_03_0015.png,방향지시등 불이행
p01_20221103_an1_036_03_0015.png,정상
p01_20221103_an1_036_03_0015.png,정상
p01_20221103_an1_036_03_0016.png,방향지시등 불이행
p01_20221103_an1_036_03_0016.png,정상
p01_20221103_an1_036_03_0016.png,정상
p01_20221103_an1_036_03_0017.png,방향지시등 불이행
p01_20221103_an1_036_03_0017.png,정상
p01_20221103_an1_036_03_0017.png,정상
p01_20221103_an1_036_03_0018.png,방향지시등 불이행
p01_20221103_an1_036_03_0018.png,정상
p01_20221103_an1_036_03_0018.png,정상
p01_20221103_an1_036_03_0019.png,방향지시등 불이행
p01_20221103_an1_036_03_0019.png,정상
p01_20221103_an1_036_03_0019.png,정상
p01_20221103_an1_036_03_0020.png,방향지시등 불이행
p01_20221103_an1_036_03_0020.png,정상
p01_20221103_an1_036_03_0020.png,정상
p01_20221103_an1_036_03_0021.png,방향지시등 불이행
p01_20221103_an1_036_03_0021.png,정상
p01_20221103_an1_036_03_0021.png,정상
p01_20221103_an1_036_03_0022.png,방향지시등 불이행
p01_20221103_an1_036_03_0022.png,정상
p01_20221103_an1_036_03_0023.png,방향지시등 불이행
p01_20221103_an1_036_03_0023.png,정상
p01_20221103_an1_036_03_0024.png,방향지시등 불이행
p01_20221103_an1_036_03_0024.png,정상
p01_20221103_an1_036_03_0025.png,방향지시등 불이행
p01_20221103_an1_036_03_0025.png,정상
p01_20221103_an1_036_03_0026.png,방향지시등 불이행
p01_20221103_an1_036_03_0026.png,정상
p01_20221103_an1_036_03_0027.png,방향지시등 불이행
p01_20221103_an1_036_03_0027.png,정상
p01_20221103_an1_036_03_0028.png,정상
p01_20221103_an1_036_03_0028.png,정상
p01_20221103_an1_036_03_0029.png,정상
p01_20221103_an1_036_03_0029.png,정상
p01_20221103_an1_036_03_0030.png,정상
p01_20221103_an1_036_03_0030.png,정상
p01_20221103_an1_036_03_0031.png,정상
p01_20221103_an1_036_03_0031.png,정상
p01_20221103_an1_036_03_0032.png,정상
p01_20221103_an1_036_03_0032.png,정상
p02_20221223_123007_an2_011_03_0001.json,정상
p02_20221223_123007_an2_011_03_0001.json,정상
p02_20221223_123007_an2_011_03_0001.json,정상
p02_20221223_123007_an2_011_03_0001.json,정상
p02_20221223_123007_an2_011_03_0001.json,정상
p02_20221223_123007_an2_011_03_0001.json,정상
p02_20221223_123007_an2_011_03_0002.json,정상
p02_20221223_123007_an2_011_03_0002.json,정상
p02_20221223_123007_an2_011_03_0002.json,정상
p02_20221223_123007_an2_011_03_0002.json,정상
p02_20221223_123007_an2_011_03_0002.json,정상
p02_20221223_123007_an2_011_03_0002.json,정상
p02_20221223_123007_an2_011_03_0003.json,실선구간 차로변경
p02_20221223_123007_an2_011_03_0003.json,정상
p02_20221223_123007_an2_011_03_0003.json,정상
p02_20221223_123007_an2_011_03_0003.json,정상
p02_20221223_123007_an2_011_03_0003.json,정상
p02_20221223_123007_an2_011_03_0003.json,정상
p02_20221223_123007_an2_011_03_0004.json,정상
p02_20221223_123007_an2_011_03_0004.json,정상
p02_20221223_123007_an2_011_03_0004.json,정상
p02_20221223_123007_an2_011_03_0004.json,정상
p02_20221223_123007_an2_011_03_0004.json,정상
p02_20221223_123007_an2_011_03_0004.json,정상
p02_20221223_123007_an2_011_03_0005.json,정상
p02_20221223_123007_an2_011_03_0005.json,정상
p02_20221223_123007_an2_011_03_0005.json,정상
p02_20221223_123007_an2_011_03_0005.json,정상
p02_20221223_123007_an2_011_03_0005.json,정상
p02_20221223_123007_an2_011_03_0005.json,정상
p02_20221223_123007_an2_011_03_0006.json,실선구간 차로변경
p02_20221223_123007_an2_011_03_0006.json,정상
p02_20221223_123007_an2_011_03_0006.json,정상
p02_20221223_123007_an2_011_03_0006.json,정상
p02_20221223_123007_an2_011_03_0006.json,정상
p02_20221223_123007_an2_011_03_0006.json,정상
p02_20221223_123007_an2_011_03_0007.json,실선구간 차로변경
p02_20221223_123007_an2_011_03_0007.json,정상
p02_20221223_123007_an2_011_03_0007.json,정상
p02_20221223_123007_an2_011_03_0007.json,정상
p02_20221223_123007_an2_011_03_0007.json,정상
p02_20221223_123007_an2_011_03_0007.json,정상
p02_20221223_123007_an2_011_03_0008.json,실선구간 차로변경
p02_20221223_123007_an2_011_03_0008.json,정상
p02_20221223_123007_an2_011_03_0008.json,정상
p02_20221223_123007_an2_011_03_0008.json,정상
p02_20221223_123007_an2_011_03_0008.json,정상
p02_20221223_123007_an2_011_03_0008.json,정상
p02_20221223_123007_an2_011_03_0009.json,실선구간 차로변경
p02_20221223_123007_an2_011_03_0009.json,정상
p02_20221223_123007_an2_011_03_0009.json,정상
p02_20221223_123007_an2_011_03_0009.json,정상
p02_20221223_123007_an2_011_03_0009.json,정상
p02_20221223_123007_an2_011_03_0009.json,정상
p02_20221223_123007_an2_011_03_0010.json,실선구간 차로변경
p02_20221223_123007_an2_011_03_0010.json,정상
p02_20221223_123007_an2_011_03_0010.json,정상
p02_20221223_123007_an2_011_03_0010.json,정상
p02_20221223_123007_an2_011_03_0010.json,정상
p02_20221223_123007_an2_011_03_0010.json,정상
p02_20221223_123007_an2_011_03_0011.json,실선구간 차로변경
p02_20221223_123007_an2_011_03_0011.json,정상
p02_20221223_123007_an2_011_03_0011.json,정상
p02_20221223_123007_an2_011_03_0011.json,정상
p02_20221223_123007_an2_011_03_0011.json,정상
p02_20221223_123007_an2_011_03_0011.json,정상
p02_20221223_123007_an2_011_03_0011.json,정상
p02_20221223_123007_an2_011_03_0012.json,실선구간 차로변경
p02_20221223_123007_an2_011_03_0012.json,정상
p02_20221223_123007_an2_011_03_0012.json,정상
p02_20221223_123007_an2_011_03_0012.json,정상
p02_20221223_123007_an2_011_03_0012.json,정상
p02_20221223_123007_an2_011_03_0012.json,정상
p02_20221223_123007_an2_011_03_0012.json,정상
p02_20221223_123007_an2_011_03_0013.json,실선구간 차로변경
p02_20221223_123007_an2_011_03_0013.json,정상
p02_20221223_123007_an2_011_03_0013.json,정상
p02_20221223_123007_an2_011_03_0013.json,정상
p02_20221223_123007_an2_011_03_0013.json,정상
p02_20221223_123007_an2_011_03_0013.json,정상
p02_20221223_123007_an2_011_03_0013.json,정상
p02_20221223_123007_an2_011_03_0014.json,실선구간 차로변경
p02_20221223_123007_an2_011_03_0014.json,정상
p02_20221223_123007_an2_011_03_0014.json,정상
p02_20221223_123007_an2_011_03_0014.json,정상
p02_20221223_123007_an2_011_03_0014.json,정상
p02_20221223_123007_an2_011_03_0014.json,정상
p02_20221223_123007_an2_011_03_0014.json,정상
p02_20221223_123007_an2_011_03_0015.json,실선구간 차로변경
p02_20221223_123007_an2_011_03_0015.json,정상
p02_20221223_123007_an2_011_03_0015.json,정상
p02_20221223_123007_an2_011_03_0015.json,정상
p02_20221223_123007_an2_011_03_0015.json,정상
p02_20221223_123007_an2_011_03_0015.json,정상
p02_20221223_123007_an2_011_03_0015.json,정상
p02_20221223_123007_an2_011_03_0016.json,실선구간 차로변경
p02_20221223_123007_an2_011_03_0016.json,정상
p02_20221223_123007_an2_011_03_0016.json,정상
p02_20221223_123007_an2_011_03_0016.json,정상
p02_20221223_123007_an2_011_03_0016.json,정상
p02_20221223_123007_an2_011_03_0016.json,정상
p02_20221223_123007_an2_011_03_0016.json,정상
p02_20221223_123007_an2_011_03_0017.json,실선구간 차로변경
p02_20221223_123007_an2_011_03_0017.json,정상
p02_20221223_123007_an2_011_03_0017.json,정상
p02_20221223_123007_an2_011_03_0017.json,정상
p02_20221223_123007_an2_011_03_0017.json,정상
p02_20221223_123007_an2_011_03_0017.json,정상
p02_20221223_123007_an2_011_03_0017.json,정상
p02_20221223_123007_an2_011_03_0018.json,실선구간 차로변경
p02_20221223_123007_an2_011_03_0018.json,정상
p02_20221223_123007_an2_011_03_0018.json,정상
p02_20221223_123007_an2_011_03_0018.json,정상
p02_20221223_123007_an2_011_03_0018.json,정상
p02_20221223_123007_an2_011_03_0018.json,정상
p02_20221223_123007_an2_011_03_0018.json,정상
p02_20221223_123007_an2_011_03_0019.json,실선구간 차로변경
p02_20221223_123007_an2_011_03_0019.json,정상
p02_20221223_123007_an2_011_03_0019.json,정상
p02_20221223_123007_an2_011_03_0019.json,정상
p02_20221223_123007_an2_011_03_0019.json,정상
p02_20221223_123007_an2_011_03_0019.json,정상
p02_20221223_123007_an2_011_03_0020.json,정상
p02_20221223_123007_an2_011_03_0020.json,실선구간 차로변경
p02_20221223_123007_an2_011_03_0020.json,정상
p02_20221223_123007_an2_011_03_0020.json,정상
p02_20221223_123007_an2_011_03_0020.json,정상
p02_20221223_123007_an2_011_03_0020.json,정상
p02_20221223_123007_an2_011_03_0020.json,정상
p02_20221223_123007_an2_011_03_0021.json,정상
p02_20221223_123007_an2_011_03_0021.json,실선구간 차로변경
p02_20221223_123007_an2_011_03_0021.json,정상
p02_20221223_123007_an2_011_03_0021.json,정상
p02_20221223_123007_an2_011_03_0021.json,정상
p02_20221223_123007_an2_011_03_0021.json,정상
p02_20221223_123007_an2_011_03_0021.json,정상
p02_20221223_123007_an2_011_03_0022.json,실선구간 차로변경
p02_20221223_123007_an2_011_03_0022.json,정상
p02_20221223_123007_an2_011_03_0022.json,정상
p02_20221223_123007_an2_011_03_0022.json,정상
p02_20221223_123007_an2_011_03_0022.json,정상
p02_20221223_123007_an2_011_03_0022.json,정상
p02_20221223_123007_an2_011_03_0022.json,정상
p02_20221223_123007_an2_011_03_0023.json,정상
p02_20221223_123007_an2_011_03_0023.json,실선구간 차로변경
p02_20221223_123007_an2_011_03_0023.json,정상
p02_20221223_123007_an2_011_03_0023.json,정상
p02_20221223_123007_an2_011_03_0023.json,정상
p02_20221223_123007_an2_011_03_0023.json,정상
p02_20221223_123007_an2_011_03_0023.json,정상
p02_20221223_123007_an2_011_03_0024.json,정상
p02_20221223_123007_an2_011_03_0024.json,실선구간 차로변경
p02_20221223_123007_an2_011_03_0024.json,정상
p02_20221223_123007_an2_011_03_0024.json,정상
p02_20221223_123007_an2_011_03_0024.json,정상
p02_20221223_123007_an2_011_03_0024.json,정상
p02_20221223_123007_an2_011_03_0024.json,정상
p02_20221223_123007_an2_011_03_0024.json,정상
p02_20221223_123007_an2_011_03_0025.json,정상
p02_20221223_123007_an2_011_03_0025.json,실선구간 차로변경
p02_20221223_123007_an2_011_03_0025.json,정상
p02_20221223_123007_an2_011_03_0025.json,정상
p02_20221223_123007_an2_011_03_0025.json,정상
p02_20221223_123007_an2_011_03_0025.json,정상
p02_20221223_123007_an2_011_03_0026.json,정상
p02_20221223_123007_an2_011_03_0026.json,정상
p02_20221223_123007_an2_011_03_0026.json,실선구간 차로변경
p02_20221223_123007_an2_011_03_0026.json,정상
p02_20221223_123007_an2_011_03_0026.json,정상
p02_20221223_123007_an2_011_03_0026.json,정상
p02_20221223_123007_an2_011_03_0027.json,정상
p02_20221223_123007_an2_011_03_0027.json,실선구간 차로변경
p02_20221223_123007_an2_011_03_0027.json,정상
p02_20221223_123007_an2_011_03_0027.json,정상
p02_20221223_123007_an2_011_03_0027.json,정상
p02_20221223_123007_an2_011_03_0027.json,정상
p02_20221223_123007_an2_011_03_0028.json,정상
p02_20221223_123007_an2_011_03_0028.json,실선구간 차로변경
p02_20221223_123007_an2_011_03_0028.json,정상
p02_20221223_123007_an2_011_03_0028.json,정상
p02_20221223_123007_an2_011_03_0028.json,정상
p02_20221223_123007_an2_011_03_0028.json,정상
p02_20221223_123007_an2_011_03_0029.json,정상
p02_20221223_123007_an2_011_03_0029.json,정상
p02_20221223_123007_an2_011_03_0029.json,정상
p02_20221223_123007_an2_011_03_0029.json,정상
p02_20221223_123007_an2_011_03_0029.json,정상
p02_20221223_123007_an2_011_03_0029.json,정상
p02_20221223_123007_an2_011_03_0030.json,정상
p02_20221223_123007_an2_011_03_0030.json,정상
p02_20221223_123007_an2_011_03_0030.json,정상
p02_20221223_123007_an2_011_03_0030.json,정상
p02_20221223_123007_an2_011_03_0030.json,정상
p02_20221223_123007_an2_011_03_0030.json,정상
p02_20221223_123007_an2_011_03_0031.json,정상
p02_20221223_123007_an2_011_03_0031.json,정상
p02_20221223_123007_an2_011_03_0031.json,정상
p02_20221223_123007_an2_011_03_0031.json,정상
p02_20221223_123007_an2_011_03_0031.json,정상
p02_20221223_123007_an2_011_03_0031.json,정상
p02_20221223_123007_an2_011_03_0031.json,정상
p02_20221223_123007_an2_011_03_0032.json,정상
p02_20221223_123007_an2_011_03_0032.json,정상
p02_20221223_123007_an2_011_03_0032.json,정상
p02_20221223_123007_an2_011_03_0032.json,정상
p02_20221223_123007_an2_011_03_0032.json,정상
p02_20221223_123007_an2_011_03_0032.json,정상
p02_20221223_123007_an2_011_03_0032.json,정상
p02_20221223_123007_an2_011_03_0033.json,정상
p02_20221223_123007_an2_011_03_0033.json,정상
p02_20221223_123007_an2_011_03_0033.json,정상
p02_20221223_123007_an2_011_03_0033.json,실선구간 차로변경
p02_20221223_123007_an2_011_03_0033.json,정상
p02_20221223_123007_an2_011_03_0033.json,정상
p02_20221223_123007_an2_011_03_0033.json,정상
p01_20230103_090009_an3_183_07_0001.json,정상
p01_20230103_090009_an3_183_07_0001.json,정상
p01_20230103_090009_an3_183_07_0002.json,정상
p01_20230103_090009_an3_183_07_0002.json,정상
p01_20230103_090009_an3_183_07_0003.json,정상
p01_20230103_090009_an3_183_07_0003.json,정상
p01_20230103_090009_an3_183_07_0004.json,정상
p01_20230103_090009_an3_183_07_0004.json,동시 차로 변경
p01_20230103_090009_an3_183_07_0005.json,정상
p01_20230103_090009_an3_183_07_0005.json,동시 차로 변경
p01_20230103_090009_an3_183_07_0006.json,동시 차로 변경
p01_20230103_090009_an3_183_07_0006.json,동시 차로 변경
p01_20230103_090009_an3_183_07_0007.json,동시 차로 변경
p01_20230103_090009_an3_183_07_0007.json,동시 차로 변경
p01_20230103_090009_an3_183_07_0008.json,동시 차로 변경
p01_20230103_090009_an3_183_07_0008.json,동시 차로 변경
p01_20230103_090009_an3_183_07_0009.json,동시 차로 변경
p01_20230103_090009_an3_183_07_0009.json,동시 차로 변경
p01_20230103_090009_an3_183_07_0010.json,동시 차로 변경
p01_20230103_090009_an3_183_07_0010.json,동시 차로 변경
p01_20230103_090009_an3_183_07_0011.json,동시 차로 변경
p01_20230103_090009_an3_183_07_0011.json,동시 차로 변경
p01_20230103_090009_an3_183_07_0012.json,동시 차로 변경
p01_20230103_090009_an3_183_07_0012.json,동시 차로 변경
p01_20230103_090009_an3_183_07_0013.json,동시 차로 변경
p01_20230103_090009_an3_183_07_0013.json,동시 차로 변경
p01_20230103_090009_an3_183_07_0014.json,동시 차로 변경
p01_20230103_090009_an3_183_07_0014.json,동시 차로 변경
p01_20230103_090009_an3_183_07_0015.json,동시 차로 변경
p01_20230103_090009_an3_183_07_0015.json,동시 차로 변경
p01_20230103_090009_an3_183_07_0016.json,동시 차로 변경
p01_20230103_090009_an3_183_07_0016.json,동시 차로 변경
p01_20230103_090009_an3_183_07_0017.json,동시 차로 변경
p01_20230103_090009_an3_183_07_0017.json,동시 차로 변경
p01_20230103_090009_an3_183_07_0018.json,동시 차로 변경
p01_20230103_090009_an3_183_07_0018.json,동시 차로 변경
p01_20230103_090009_an3_183_07_0019.json,동시 차로 변경
p01_20230103_090009_an3_183_07_0019.json,동시 차로 변경
p01_20230103_090009_an3_183_07_0020.json,동시 차로 변경
p01_20230103_090009_an3_183_07_0020.json,동시 차로 변경
p01_20230103_090009_an3_183_07_0021.json,동시 차로 변경
p01_20230103_090009_an3_183_07_0021.json,동시 차로 변경
p01_20230103_090009_an3_183_07_0022.json,동시 차로 변경
p01_20230103_090009_an3_183_07_0022.json,동시 차로 변경
p01_20230103_090009_an3_183_07_0023.json,동시 차로 변경
p01_20230103_090009_an3_183_07_0023.json,동시 차로 변경
p01_20230103_090009_an3_183_07_0024.json,동시 차로 변경
p01_20230103_090009_an3_183_07_0024.json,동시 차로 변경
p01_20230103_090009_an3_183_07_0025.json,동시 차로 변경
p01_20230103_090009_an3_183_07_0025.json,동시 차로 변경
p01_20230103_090009_an3_183_07_0026.json,동시 차로 변경
p01_20230103_090009_an3_183_07_0026.json,동시 차로 변경
p01_20230103_090009_an3_183_07_0027.json,동시 차로 변경
p01_20230103_090009_an3_183_07_0027.json,동시 차로 변경
p01_20230103_090009_an3_183_07_0027.json,정상
p01_20230103_090009_an3_183_07_0028.json,동시 차로 변경
p01_20230103_090009_an3_183_07_0028.json,동시 차로 변경
p01_20230103_090009_an3_183_07_0028.json,정상
p01_20230103_090009_an3_183_07_0029.json,동시 차로 변경
p01_20230103_090009_an3_183_07_0029.json,동시 차로 변경
p01_20230103_090009_an3_183_07_0029.json,정상
p01_20230103_090009_an3_183_07_0030.json,동시 차로 변경
p01_20230103_090009_an3_183_07_0030.json,동시 차로 변경
p01_20230103_090009_an3_183_07_0030.json,정상
p01_20230103_090009_an3_183_07_0031.json,동시 차로 변경
p01_20230103_090009_an3_183_07_0031.json,동시 차로 변경
p01_20230103_090009_an3_183_07_0031.json,정상
p01_20230103_090009_an3_183_07_0032.json,동시 차로 변경
p01_20230103_090009_an3_183_07_0032.json,동시 차로 변경
p01_20230103_090009_an3_183_07_0032.json,정상
p01_20230103_090009_an3_183_07_0033.json,동시 차로 변경
p01_20230103_090009_an3_183_07_0033.json,동시 차로 변경
p01_20230103_090009_an3_183_07_0033.json,정상
p01_20230103_090009_an3_183_07_0034.json,동시 차로 변경
p01_20230103_090009_an3_183_07_0034.json,동시 차로 변경
p01_20230103_090009_an3_183_07_0034.json,정상
p01_20230103_090009_an3_183_07_0035.json,동시 차로 변경
p01_20230103_090009_an3_183_07_0035.json,동시 차로 변경
p01_20230103_090009_an3_183_07_0035.json,정상
p01_20230103_090009_an3_183_07_0036.json,동시 차로 변경
p01_20230103_090009_an3_183_07_0036.json,동시 차로 변경
p01_20230103_090009_an3_183_07_0036.json,정상
p01_20230103_090009_an3_183_07_0037.json,동시 차로 변경
p01_20230103_090009_an3_183_07_0037.json,동시 차로 변경
p01_20230103_090009_an3_183_07_0037.json,정상
p01_20230103_090009_an3_183_07_0038.json,동시 차로 변경
p01_20230103_090009_an3_183_07_0038.json,동시 차로 변경
p01_20230103_090009_an3_183_07_0038.json,정상
p01_20230103_090009_an3_183_07_0039.json,동시 차로 변경
p01_20230103_090009_an3_183_07_0039.json,동시 차로 변경
p01_20230103_090009_an3_183_07_0039.json,정상
p01_20230103_090009_an3_183_07_0040.json,동시 차로 변경
p01_20230103_090009_an3_183_07_0040.json,동시 차로 변경
p01_20230103_090009_an3_183_07_0040.json,정상
p01_20230103_090009_an3_183_07_0041.json,동시 차로 변경
p01_20230103_090009_an3_183_07_0041.json,동시 차로 변경
p01_20230103_090009_an3_183_07_0041.json,정상
p01_20230103_090009_an3_183_07_0042.json,동시 차로 변경
p01_20230103_090009_an3_183_07_0042.json,동시 차로 변경
p01_20230103_090009_an3_183_07_0042.json,정상
p01_20230103_090009_an3_183_07_0043.json,동시 차로 변경
p01_20230103_090009_an3_183_07_0043.json,동시 차로 변경
p01_20230103_090009_an3_183_07_0043.json,정상
p01_20230103_090009_an3_183_07_0044.json,동시 차로 변경
p01_20230103_090009_an3_183_07_0044.json,동시 차로 변경
p01_20230103_090009_an3_183_07_0044.json,정상
p01_20230103_090009_an3_183_07_0045.json,동시 차로 변경
p01_20230103_090009_an3_183_07_0045.json,동시 차로 변경
p01_20230103_090009_an3_183_07_0045.json,정상
p01_20230103_090009_an3_183_07_0046.json,동시 차로 변경
p01_20230103_090009_an3_183_07_0046.json,동시 차로 변경
p01_20230103_090009_an3_183_07_0046.json,정상
p01_20230103_090009_an3_183_07_0047.json,동시 차로 변경
p01_20230103_090009_an3_183_07_0047.json,동시 차로 변경
p01_20230103_090009_an3_183_07_0047.json,정상
p01_20230103_090009_an3_183_07_0048.json,동시 차로 변경
p01_20230103_090009_an3_183_07_0048.json,동시 차로 변경
p01_20230103_090009_an3_183_07_0048.json,정상
p01_20230103_090009_an3_183_07_0049.json,동시 차로 변경
p01_20230103_090009_an3_183_07_0049.json,동시 차로 변경
p01_20230103_090009_an3_183_07_0049.json,정상
p01_20230103_090009_an3_183_07_0050.json,동시 차로 변경
p01_20230103_090009_an3_183_07_0050.json,동시 차로 변경
p01_20230103_090009_an3_183_07_0050.json,정상
p01_20230103_090009_an3_183_07_0051.json,동시 차로 변경
p01_20230103_090009_an3_183_07_0051.json,동시 차로 변경
p01_20230103_090009_an3_183_07_0051.json,정상
p01_20230103_090009_an3_183_07_0052.json,동시 차로 변경
p01_20230103_090009_an3_183_07_0052.json,동시 차로 변경
p01_20230103_090009_an3_183_07_0052.json,정상
p01_20230103_090009_an3_183_07_0053.json,동시 차로 변경
p01_20230103_090009_an3_183_07_0053.json,동시 차로 변경
p01_20230103_090009_an3_183_07_0053.json,정상
p01_20230103_090009_an3_183_07_0054.json,동시 차로 변경
p01_20230103_090009_an3_183_07_0054.json,동시 차로 변경
p01_20230103_090009_an3_183_07_0054.json,정상
p01_20230103_090009_an3_183_07_0055.json,동시 차로 변경
p01_20230103_090009_an3_183_07_0055.json,동시 차로 변경
p01_20230103_090009_an3_183_07_0055.json,정상
p01_20230103_090009_an3_183_07_0056.json,동시 차로 변경
p01_20230103_090009_an3_183_07_0056.json,동시 차로 변경
p01_20230103_090009_an3_183_07_0056.json,정상
p01_20230103_090009_an3_183_07_0057.json,동시 차로 변경
p01_20230103_090009_an3_183_07_0057.json,동시 차로 변경
p01_20230103_090009_an3_183_07_0057.json,정상
p01_20230103_090009_an3_183_07_0058.json,동시 차로 변경
p01_20230103_090009_an3_183_07_0058.json,동시 차로 변경
p01_20230103_090009_an3_183_07_0058.json,정상
p01_20230103_090009_an3_183_07_0059.json,동시 차로 변경
p01_20230103_090009_an3_183_07_0059.json,동시 차로 변경
p01_20230103_090009_an3_183_07_0059.json,정상
p01_20230103_090009_an3_183_07_0060.json,동시 차로 변경
p01_20230103_090009_an3_183_07_0060.json,동시 차로 변경
p01_20230103_090009_an3_183_07_0060.json,정상
p01_20230103_090009_an3_183_07_0061.json,동시 차로 변경
p01_20230103_090009_an3_183_07_0061.json,동시 차로 변경
p01_20230103_090009_an3_183_07_0061.json,정상
p01_20230103_090009_an3_183_07_0062.json,동시 차로 변경
p01_20230103_090009_an3_183_07_0062.json,동시 차로 변경
p01_20230103_090009_an3_183_07_0062.json,정상
p01_20230103_090009_an3_183_07_0063.json,정상
p01_20230103_090009_an3_183_07_0063.json,정상
p01_20230103_090009_an3_183_07_0063.json,정상
p01_20230103_090009_an3_183_07_0064.json,정상
p01_20230103_090009_an3_183_07_0064.json,정상
p01_20230103_090009_an3_183_07_0064.json,정상
p01_20230103_090009_an3_183_07_0064.json,정상
p01_20230103_090009_an3_183_07_0065.json,정상
p01_20230103_090009_an3_183_07_0065.json,정상
p01_20230103_090009_an3_183_07_0065.json,정상
p01_20230103_090009_an3_183_07_0065.json,정상
p01_20230103_090009_an3_183_07_0066.json,정상
p01_20230103_090009_an3_183_07_0066.json,정상
p01_20230103_090009_an3_183_07_0066.json,정상
p01_20230103_090009_an3_183_07_0066.json,정상
p01_20230103_090009_an3_183_07_0067.json,정상
p01_20230103_090009_an3_183_07_0067.json,정상
p01_20230103_090009_an3_183_07_0067.json,정상
p01_20230103_090009_an3_183_07_0067.json,정상
p01_20230106_an4_152_05_0001.png,정상
p01_20230106_an4_152_05_0001.png,정상
p01_20230106_an4_152_05_0001.png,정상
p01_20230106_an4_152_05_0001.png,정상
p01_20230106_an4_152_05_0001.png,정상
p01_20230106_an4_152_05_0001.png,정상
p01_20230106_an4_152_05_0001.png,정상
p01_20230106_an4_152_05_0002.png,정상
p01_20230106_an4_152_05_0002.png,정상
p01_20230106_an4_152_05_0002.png,정상
p01_20230106_an4_152_05_0002.png,정상
p01_20230106_an4_152_05_0002.png,정상
p01_20230106_an4_152_05_0002.png,정상
p01_20230106_an4_152_05_0002.png,정상
p01_20230106_an4_152_05_0003.png,정상
p01_20230106_an4_152_05_0003.png,정상
p01_20230106_an4_152_05_0003.png,정상
p01_20230106_an4_152_05_0003.png,정상
p01_20230106_an4_152_05_0003.png,정상
p01_20230106_an4_152_05_0003.png,정상
p01_20230106_an4_152_05_0003.png,정상
p01_20230106_an4_152_05_0004.png,정상
p01_20230106_an4_152_05_0004.png,정상
p01_20230106_an4_152_05_0004.png,정상
p01_20230106_an4_152_05_0004.png,정상
p01_20230106_an4_152_05_0004.png,정상
p01_20230106_an4_152_05_0004.png,정상
p01_20230106_an4_152_05_0005.png,정상
p01_20230106_an4_152_05_0005.png,정상
p01_20230106_an4_152_05_0005.png,정상
p01_20230106_an4_152_05_0005.png,정상
p01_20230106_an4_152_05_0005.png,정상
p01_20230106_an4_152_05_0005.png,정상
p01_20230106_an4_152_05_0006.png,차선 물기
p01_20230106_an4_152_05_0006.png,정상
p01_20230106_an4_152_05_0006.png,정상
p01_20230106_an4_152_05_0006.png,정상
p01_20230106_an4_152_05_0006.png,정상
p01_20230106_an4_152_05_0006.png,정상
p01_20230106_an4_152_05_0006.png,정상
p01_20230106_an4_152_05_0007.png,정상
p01_20230106_an4_152_05_0007.png,정상
p01_20230106_an4_152_05_0007.png,정상
p01_20230106_an4_152_05_0007.png,정상
p01_20230106_an4_152_05_0007.png,정상
p01_20230106_an4_152_05_0007.png,정상
p01_20230106_an4_152_05_0007.png,정상
p01_20230106_an4_152_05_0007.png,정상
p01_20230106_an4_152_05_0008.png,정상
p01_20230106_an4_152_05_0008.png,차선 물기
p01_20230106_an4_152_05_0008.png,정상
p01_20230106_an4_152_05_0008.png,정상
p01_20230106_an4_152_05_0008.png,정상
p01_20230106_an4_152_05_0008.png,정상
p01_20230106_an4_152_05_0008.png,정상
p01_20230106_an4_152_05_0008.png,정상
p01_20230106_an4_152_05_0009.png,정상
p01_20230106_an4_152_05_0009.png,차선 물기
p01_20230106_an4_152_05_0009.png,정상
p01_20230106_an4_152_05_0009.png,정상
p01_20230106_an4_152_05_0009.png,정상
p01_20230106_an4_152_05_0009.png,정상
p01_20230106_an4_152_05_0009.png,정상
p01_20230106_an4_152_05_0009.png,정상
p01_20230106_an4_152_05_0010.png,정상
p01_20230106_an4_152_05_0010.png,차선 물기
p01_20230106_an4_152_05_0010.png,정상
p01_20230106_an4_152_05_0010.png,정상
p01_20230106_an4_152_05_0010.png,정상
p01_20230106_an4_152_05_0010.png,정상
p01_20230106_an4_152_05_0010.png,정상
p01_20230106_an4_152_05_0011.png,정상
p01_20230106_an4_152_05_0011.png,정상
p01_20230106_an4_152_05_0011.png,정상
p01_20230106_an4_152_05_0011.png,정상
p01_20230106_an4_152_05_0011.png,차선 물기
p01_20230106_an4_152_05_0011.png,정상
p01_20230106_an4_152_05_0011.png,정상
p01_20230106_an4_152_05_0012.png,정상
p01_20230106_an4_152_05_0012.png,정상
p01_20230106_an4_152_05_0012.png,차선 물기
p01_20230106_an4_152_05_0012.png,정상
p01_20230106_an4_152_05_0012.png,정상
p01_20230106_an4_152_05_0012.png,정상
p01_20230106_an4_152_05_0013.png,정상
p01_20230106_an4_152_05_0013.png,정상
p01_20230106_an4_152_05_0013.png,차선 물기
p01_20230106_an4_152_05_0013.png,정상
p01_20230106_an4_152_05_0013.png,정상
p01_20230106_an4_152_05_0013.png,정상
p01_20230106_an4_152_05_0013.png,정상
p01_20230106_an4_152_05_0014.png,정상
p01_20230106_an4_152_05_0014.png,정상
p01_20230106_an4_152_05_0014.png,차선 물기
p01_20230106_an4_152_05_0014.png,정상
p01_20230106_an4_152_05_0014.png,정상
p01_20230106_an4_152_05_0014.png,정상
p01_20230106_an4_152_05_0014.png,정상
p01_20230106_an4_152_05_0015.png,정상
p01_20230106_an4_152_05_0015.png,정상
p01_20230106_an4_152_05_0015.png,정상
p01_20230106_an4_152_05_0015.png,차선 물기
p01_20230106_an4_152_05_0015.png,정상
p01_20230106_an4_152_05_0015.png,정상
p01_20230106_an4_152_05_0016.png,정상
p01_20230106_an4_152_05_0016.png,정상
p01_20230106_an4_152_05_0016.png,정상
p01_20230106_an4_152_05_0016.png,차선 물기
p01_20230106_an4_152_05_0016.png,정상
p01_20230106_an4_152_05_0017.png,정상
p01_20230106_an4_152_05_0017.png,정상
p01_20230106_an4_152_05_0017.png,차선 물기
p01_20230106_an4_152_05_0017.png,정상
p01_20230106_an4_152_05_0017.png,정상
p01_20230106_an4_152_05_0018.png,정상
p01_20230106_an4_152_05_0018.png,정상
p01_20230106_an4_152_05_0018.png,정상
p01_20230106_an4_152_05_0018.png,차선 물기
p01_20230106_an4_152_05_0018.png,정상
p01_20230106_an4_152_05_0019.png,정상
p01_20230106_an4_152_05_0019.png,정상
p01_20230106_an4_152_05_0019.png,정상
p01_20230106_an4_152_05_0019.png,차선 물기
p01_20230106_an4_152_05_0019.png,정상
p01_20230106_an4_152_05_0020.png,정상
p01_20230106_an4_152_05_0020.png,정상
p01_20230106_an4_152_05_0020.png,정상
p01_20230106_an4_152_05_0020.png,차선 물기
p01_20230106_an4_152_05_0020.png,정상
p01_20230106_an4_152_05_0021.png,정상
p01_20230106_an4_152_05_0021.png,정상
p01_20230106_an4_152_05_0021.png,정상
p01_20230106_an4_152_05_0021.png,차선 물기
p01_20230106_an4_152_05_0021.png,정상
p01_20230106_an4_152_05_0021.png,정상
p01_20230106_an4_152_05_0022.png,정상
p01_20230106_an4_152_05_0022.png,정상
p01_20230106_an4_152_05_0022.png,정상
p01_20230106_an4_152_05_0022.png,차선 물기
p01_20230106_an4_152_05_0022.png,정상
p01_20230106_an4_152_05_0022.png,정상
p01_20230106_an4_152_05_0023.png,정상
p01_20230106_an4_152_05_0023.png,정상
p01_20230106_an4_152_05_0023.png,정상
p01_20230106_an4_152_05_0023.png,차선 물기
p01_20230106_an4_152_05_0023.png,정상
p01_20230106_an4_152_05_0023.png,정상
p01_20230106_an4_152_05_0024.png,정상
p01_20230106_an4_152_05_0024.png,정상
p01_20230106_an4_152_05_0024.png,정상
p01_20230106_an4_152_05_0024.png,차선 물기
p01_20230106_an4_152_05_0024.png,정상
p01_20230106_an4_152_05_0024.png,정상
p01_20230106_an4_152_05_0024.png,정상
p01_20230106_an4_152_05_0025.png,정상
p01_20230106_an4_152_05_0025.png,정상
p01_20230106_an4_152_05_0025.png,정상
p01_20230106_an4_152_05_0025.png,정상
p01_20230106_an4_152_05_0025.png,차선 물기
p01_20230106_an4_152_05_0025.png,정상
p01_20230106_an4_152_05_0025.png,정상
p01_20230106_an4_152_05_0026.png,정상
p01_20230106_an4_152_05_0026.png,정상
p01_20230106_an4_152_05_0026.png,차선 물기
p01_20230106_an4_152_05_0026.png,정상
p01_20230106_an4_152_05_0026.png,정상
p01_20230106_an4_152_05_0026.png,정상
p01_20230106_an4_152_05_0026.png,정상
p01_20230106_an4_152_05_0027.png,정상
p01_20230106_an4_152_05_0027.png,정상
p01_20230106_an4_152_05_0027.png,정상
p01_20230106_an4_152_05_0027.png,차선 물기
p01_20230106_an4_152_05_0027.png,정상
p01_20230106_an4_152_05_0027.png,정상
p01_20230106_an4_152_05_0027.png,정상
p01_20230106_an4_152_05_0028.png,정상
p01_20230106_an4_152_05_0028.png,정상
p01_20230106_an4_152_05_0028.png,정상
p01_20230106_an4_152_05_0028.png,정상
p01_20230106_an4_152_05_0028.png,정상
p01_20230106_an4_152_05_0028.png,차선 물기
p01_20230106_an4_152_05_0028.png,정상
p01_20230106_an4_152_05_0029.png,정상
p01_20230106_an4_152_05_0029.png,정상
p01_20230106_an4_152_05_0029.png,정상
p01_20230106_an4_152_05_0029.png,정상
p01_20230106_an4_152_05_0029.png,정상
p01_20230106_an4_152_05_0029.png,차선 물기
p01_20230106_an4_152_05_0029.png,정상
p01_20230106_an4_152_05_0030.png,정상
p01_20230106_an4_152_05_0030.png,정상
p01_20230106_an4_152_05_0030.png,정상
p01_20230106_an4_152_05_0030.png,정상
p01_20230106_an4_152_05_0030.png,차선 물기
p01_20230106_an4_152_05_0030.png,정상
p01_20230106_an4_152_05_0030.png,정상
p01_20230106_an4_152_05_0031.png,정상
p01_20230106_an4_152_05_0031.png,정상
p01_20230106_an4_152_05_0031.png,정상
p01_20230106_an4_152_05_0031.png,정상
p01_20230106_an4_152_05_0031.png,정상
p01_20230106_an4_152_05_0031.png,차선 물기
p01_20230106_an4_152_05_0032.png,정상
p01_20230106_an4_152_05_0032.png,정상
p01_20230106_an4_152_05_0032.png,정상
p01_20230106_an4_152_05_0032.png,정상
p01_20230106_an4_152_05_0032.png,정상
p01_20230106_an4_152_05_0032.png,차선 물기
p01_20230106_an4_152_05_0033.png,정상
p01_20230106_an4_152_05_0033.png,정상
p01_20230106_an4_152_05_0033.png,정상
p01_20230106_an4_152_05_0033.png,정상
p01_20230106_an4_152_05_0033.png,차선 물기
p01_20230106_an4_152_05_0033.png,정상
p01_20230106_an4_152_05_0034.png,정상
p01_20230106_an4_152_05_0034.png,정상
p01_20230106_an4_152_05_0034.png,정상
p01_20230106_an4_152_05_0034.png,정상
p01_20230106_an4_152_05_0034.png,정상
p01_20230106_an4_152_05_0034.png,차선 물기
p01_20230106_an4_152_05_0035.png,정상
p01_20230106_an4_152_05_0035.png,정상
p01_20230106_an4_152_05_0035.png,정상
p01_20230106_an4_152_05_0035.png,정상
p01_20230106_an4_152_05_0035.png,정상
p01_20230106_an4_152_05_0035.png,차선 물기
p01_20230106_an4_152_05_0036.png,정상
p01_20230106_an4_152_05_0036.png,정상
p01_20230106_an4_152_05_0036.png,정상
p01_20230106_an4_152_05_0036.png,정상
p01_20230106_an4_152_05_0036.png,정상
p01_20230106_an4_152_05_0036.png,차선 물기
p01_20230106_an4_152_05_0037.png,정상
p01_20230106_an4_152_05_0037.png,정상
p01_20230106_an4_152_05_0037.png,정상
p01_20230106_an4_152_05_0037.png,정상
p01_20230106_an4_152_05_0037.png,정상
p01_20230106_an4_152_05_0037.png,차선 물기
p01_20230106_an4_152_05_0038.png,정상
p01_20230106_an4_152_05_0038.png,정상
p01_20230106_an4_152_05_0038.png,정상
p01_20230106_an4_152_05_0038.png,정상
p01_20230106_an4_152_05_0038.png,정상
p01_20230106_an4_152_05_0038.png,차선 물기
p01_20230106_an4_152_05_0039.png,정상
p01_20230106_an4_152_05_0039.png,정상
p01_20230106_an4_152_05_0039.png,정상
p01_20230106_an4_152_05_0039.png,정상
p01_20230106_an4_152_05_0039.png,정상
p01_20230106_an4_152_05_0039.png,차선 물기
p01_20230106_an4_152_05_0040.png,정상
p01_20230106_an4_152_05_0040.png,정상
p01_20230106_an4_152_05_0040.png,정상
p01_20230106_an4_152_05_0040.png,정상
p01_20230106_an4_152_05_0040.png,정상
p01_20230106_an4_152_05_0040.png,차선 물기
p01_20230106_an4_152_05_0040.png,정상
p01_20230106_an4_152_05_0041.png,정상
p01_20230106_an4_152_05_0041.png,정상
p01_20230106_an4_152_05_0041.png,정상
p01_20230106_an4_152_05_0041.png,정상
p01_20230106_an4_152_05_0041.png,정상
p01_20230106_an4_152_05_0041.png,정상
p01_20230106_an4_152_05_0041.png,차선 물기
p01_20230106_an4_152_05_0042.png,정상
p01_20230106_an4_152_05_0042.png,정상
p01_20230106_an4_152_05_0042.png,정상
p01_20230106_an4_152_05_0042.png,정상
p01_20230106_an4_152_05_0042.png,차선 물기
p01_20230106_an4_152_05_0042.png,정상
p01_20230106_an4_152_05_0042.png,정상
p01_20230106_an4_152_05_0043.png,정상
p01_20230106_an4_152_05_0043.png,정상
p01_20230106_an4_152_05_0043.png,정상
p01_20230106_an4_152_05_0043.png,정상
p01_20230106_an4_152_05_0043.png,정상
p01_20230106_an4_152_05_0043.png,차선 물기
p01_20230106_an4_152_05_0043.png,정상
p01_20230106_an4_152_05_0043.png,정상
p01_20230106_an4_152_05_0043.png,정상
p01_20230106_an4_152_05_0044.png,정상
p01_20230106_an4_152_05_0044.png,정상
p01_20230106_an4_152_05_0044.png,정상
p01_20230106_an4_152_05_0044.png,정상
p01_20230106_an4_152_05_0044.png,정상
p01_20230106_an4_152_05_0044.png,차선 물기
p01_20230106_an4_152_05_0044.png,정상
p01_20230106_an4_152_05_0045.png,정상
p01_20230106_an4_152_05_0045.png,정상
p01_20230106_an4_152_05_0045.png,정상
p01_20230106_an4_152_05_0045.png,정상
p01_20230106_an4_152_05_0045.png,정상
p01_20230106_an4_152_05_0045.png,정상
p01_20230106_an4_152_05_0045.png,정상
p01_20230106_an4_152_05_0046.png,정상
p01_20230106_an4_152_05_0046.png,정상
p01_20230106_an4_152_05_0046.png,정상
p01_20230106_an4_152_05_0046.png,정상
p01_20230106_an4_152_05_0046.png,정상
p01_20230106_an4_152_05_0046.png,정상
p01_20230106_an4_152_05_0046.png,정상
p01_20230106_an4_152_05_0047.png,정상
p01_20230106_an4_152_05_0047.png,정상
p01_20230106_an4_152_05_0047.png,정상
p01_20230106_an4_152_05_0047.png,정상
p01_20230106_an4_152_05_0047.png,정상
p01_20230106_an4_152_05_0047.png,정상
p01_20230106_an4_152_05_0047.png,정상
p01_20230106_an4_152_05_0048.png,정상
p01_20230106_an4_152_05_0048.png,정상
p01_20230106_an4_152_05_0048.png,정상
p01_20230106_an4_152_05_0048.png,정상
p01_20230106_an4_152_05_0048.png,정상
p01_20230106_an4_152_05_0048.png,정상
p01_20230106_an4_152_05_0048.png,정상
p01_20230106_an4_152_05_0049.png,정상
p01_20230106_an4_152_05_0049.png,정상
p01_20230106_an4_152_05_0049.png,정상
p01_20230106_an4_152_05_0049.png,정상
p01_20230106_an4_152_05_0049.png,정상
p01_20230106_an4_152_05_0049.png,정상
p05_20220903_100014_an5_055_06_0001.json,정상
p05_20220903_100014_an5_055_06_0001.json,정상
p05_20220903_100014_an5_055_06_0002.json,정상
p05_20220903_100014_an5_055_06_0002.json,정상
p05_20220903_100014_an5_055_06_0003.json,정상
p05_20220903_100014_an5_055_06_0003.json,정상
p05_20220903_100014_an5_055_06_0004.json,정상
p05_20220903_100014_an5_055_06_0004.json,정상
p05_20220903_100014_an5_055_06_0005.json,정상
p05_20220903_100014_an5_055_06_0005.json,정상
p05_20220903_100014_an5_055_06_0006.json,정상
p05_20220903_100014_an5_055_06_0006.json,2개 차로 연속 변경
p05_20220903_100014_an5_055_06_0007.json,정상
p05_20220903_100014_an5_055_06_0007.json,2개 차로 연속 변경
p05_20220903_100014_an5_055_06_0008.json,정상
p05_20220903_100014_an5_055_06_0008.json,2개 차로 연속 변경
p05_20220903_100014_an5_055_06_0009.json,정상
p05_20220903_100014_an5_055_06_0009.json,2개 차로 연속 변경
p05_20220903_100014_an5_055_06_0010.json,정상
p05_20220903_100014_an5_055_06_0010.json,2개 차로 연속 변경
p05_20220903_100014_an5_055_06_0011.json,정상
p05_20220903_100014_an5_055_06_0011.json,2개 차로 연속 변경
p05_20220903_100014_an5_055_06_0012.json,정상
p05_20220903_100014_an5_055_06_0012.json,2개 차로 연속 변경
p05_20220903_100014_an5_055_06_0013.json,정상
p05_20220903_100014_an5_055_06_0013.json,2개 차로 연속 변경
p05_20220903_100014_an5_055_06_0014.json,정상
p05_20220903_100014_an5_055_06_0014.json,2개 차로 연속 변경
p05_20220903_100014_an5_055_06_0015.json,정상
p05_20220903_100014_an5_055_06_0015.json,2개 차로 연속 변경
p05_20220903_100014_an5_055_06_0016.json,정상
p05_20220903_100014_an5_055_06_0016.json,2개 차로 연속 변경
p05_20220903_100014_an5_055_06_0017.json,정상
p05_20220903_100014_an5_055_06_0017.json,2개 차로 연속 변경
p05_20220903_100014_an5_055_06_0018.json,정상
p05_20220903_100014_an5_055_06_0018.json,2개 차로 연속 변경
p05_20220903_100014_an5_055_06_0019.json,정상
p05_20220903_100014_an5_055_06_0019.json,2개 차로 연속 변경
p05_20220903_100014_an5_055_06_0020.json,정상
p05_20220903_100014_an5_055_06_0020.json,2개 차로 연속 변경
p05_20220903_100014_an5_055_06_0021.json,정상
p05_20220903_100014_an5_055_06_0021.json,2개 차로 연속 변경
p05_20220903_100014_an5_055_06_0022.json,정상
p05_20220903_100014_an5_055_06_0022.json,2개 차로 연속 변경
p05_20220903_100014_an5_055_06_0023.json,정상
p05_20220903_100014_an5_055_06_0023.json,2개 차로 연속 변경
p05_20220903_100014_an5_055_06_0024.json,정상
p05_20220903_100014_an5_055_06_0024.json,2개 차로 연속 변경
p05_20220903_100014_an5_055_06_0025.json,정상
p05_20220903_100014_an5_055_06_0025.json,2개 차로 연속 변경
p05_20220903_100014_an5_055_06_0026.json,정상
p05_20220903_100014_an5_055_06_0026.json,2개 차로 연속 변경
p05_20220903_100014_an5_055_06_0027.json,정상
p05_20220903_100014_an5_055_06_0027.json,2개 차로 연속 변경
p05_20220903_100014_an5_055_06_0028.json,정상
p05_20220903_100014_an5_055_06_0028.json,2개 차로 연속 변경
p05_20220903_100014_an5_055_06_0029.json,정상
p05_20220903_100014_an5_055_06_0029.json,2개 차로 연속 변경
p05_20220903_100014_an5_055_06_0030.json,정상
p05_20220903_100014_an5_055_06_0030.json,2개 차로 연속 변경
p05_20220903_100014_an5_055_06_0031.json,정상
p05_20220903_100014_an5_055_06_0031.json,2개 차로 연속 변경
p05_20220903_100014_an5_055_06_0032.json,정상
p05_20220903_100014_an5_055_06_0032.json,2개 차로 연속 변경
p05_20220903_100014_an5_055_06_0033.json,정상
p05_20220903_100014_an5_055_06_0033.json,2개 차로 연속 변경
p05_20220903_100014_an5_055_06_0034.json,정상
p05_20220903_100014_an5_055_06_0034.json,2개 차로 연속 변경
p05_20220903_100014_an5_055_06_0035.json,정상
p05_20220903_100014_an5_055_06_0035.json,2개 차로 연속 변경
p05_20220903_100014_an5_055_06_0036.json,정상
p05_20220903_100014_an5_055_06_0036.json,2개 차로 연속 변경
p05_20220903_100014_an5_055_06_0037.json,정상
p05_20220903_100014_an5_055_06_0037.json,2개 차로 연속 변경
p05_20220903_100014_an5_055_06_0038.json,정상
p05_20220903_100014_an5_055_06_0038.json,2개 차로 연속 변경
p05_20220903_100014_an5_055_06_0039.json,정상
p05_20220903_100014_an5_055_06_0039.json,2개 차로 연속 변경
p05_20220903_100014_an5_055_06_0040.json,정상
p05_20220903_100014_an5_055_06_0040.json,2개 차로 연속 변경
p05_20220903_100014_an5_055_06_0041.json,정상
p05_20220903_100014_an5_055_06_0041.json,2개 차로 연속 변경
p05_20220903_100014_an5_055_06_0042.json,정상
p05_20220903_100014_an5_055_06_0042.json,2개 차로 연속 변경
p05_20220903_100014_an5_055_06_0043.json,정상
p05_20220903_100014_an5_055_06_0043.json,2개 차로 연속 변경
p05_20220903_100014_an5_055_06_0044.json,정상
p05_20220903_100014_an5_055_06_0044.json,2개 차로 연속 변경
p05_20220903_100014_an5_055_06_0045.json,정상
p05_20220903_100014_an5_055_06_0045.json,2개 차로 연속 변경
p05_20220903_100014_an5_055_06_0046.json,정상
p05_20220903_100014_an5_055_06_0046.json,2개 차로 연속 변경
p05_20220903_100014_an5_055_06_0047.json,정상
p05_20220903_100014_an5_055_06_0047.json,2개 차로 연속 변경
p05_20220903_100014_an5_055_06_0048.json,정상
p05_20220903_100014_an5_055_06_0048.json,2개 차로 연속 변경
p05_20220903_100014_an5_055_06_0049.json,2개 차로 연속 변경
p05_20220903_100014_an5_055_06_0050.json,2개 차로 연속 변경
p05_20220903_100014_an5_055_06_0051.json,2개 차로 연속 변경
p05_20220903_100014_an5_055_06_0052.json,정상
p05_20220903_100014_an5_055_06_0053.json,정상
p05_20220903_100014_an5_055_06_0054.json,정상
p05_20220903_100014_an5_055_06_0055.json,정상
p05_20220903_100014_an5_055_06_0056.json,정상
p03_20221224_165010_an6_027_05_0001.json,정상
p03_20221224_165010_an6_027_05_0001.json,정상
p03_20221224_165010_an6_027_05_0001.json,정상
p03_20221224_165010_an6_027_05_0001.json,정상
p03_20221224_165010_an6_027_05_0001.json,정상
p03_20221224_165010_an6_027_05_0001.json,정상
p03_20221224_165010_an6_027_05_0001.json,정상
p03_20221224_165010_an6_027_05_0001.json,정상
p03_20221224_165010_an6_027_05_0001.json,정상
p03_20221224_165010_an6_027_05_0001.json,정상
p03_20221224_165010_an6_027_05_0001.json,정상
p03_20221224_165010_an6_027_05_0001.json,정상
p03_20221224_165010_an6_027_05_0001.json,정상
p03_20221224_165010_an6_027_05_0002.json,정상
p03_20221224_165010_an6_027_05_0002.json,정상
p03_20221224_165010_an6_027_05_0002.json,정상
p03_20221224_165010_an6_027_05_0002.json,정상
p03_20221224_165010_an6_027_05_0002.json,정상
p03_20221224_165010_an6_027_05_0002.json,정상
p03_20221224_165010_an6_027_05_0002.json,정상
p03_20221224_165010_an6_027_05_0002.json,정상
p03_20221224_165010_an6_027_05_0002.json,정상
p03_20221224_165010_an6_027_05_0002.json,정상
p03_20221224_165010_an6_027_05_0002.json,정상
p03_20221224_165010_an6_027_05_0002.json,정상
p03_20221224_165010_an6_027_05_0002.json,정상
p03_20221224_165010_an6_027_05_0003.json,정체구간 차선변경
p03_20221224_165010_an6_027_05_0003.json,정상
p03_20221224_165010_an6_027_05_0003.json,정상
p03_20221224_165010_an6_027_05_0003.json,정상
p03_20221224_165010_an6_027_05_0003.json,정상
p03_20221224_165010_an6_027_05_0003.json,정상
p03_20221224_165010_an6_027_05_0003.json,정상
p03_20221224_165010_an6_027_05_0003.json,정상
p03_20221224_165010_an6_027_05_0003.json,정상
p03_20221224_165010_an6_027_05_0003.json,정상
p03_20221224_165010_an6_027_05_0003.json,정상
p03_20221224_165010_an6_027_05_0003.json,정상
p03_20221224_165010_an6_027_05_0003.json,정상
p03_20221224_165010_an6_027_05_0004.json,정체구간 차선변경
p03_20221224_165010_an6_027_05_0004.json,정상
p03_20221224_165010_an6_027_05_0004.json,정상
p03_20221224_165010_an6_027_05_0004.json,정상
p03_20221224_165010_an6_027_05_0004.json,정상
p03_20221224_165010_an6_027_05_0004.json,정상
p03_20221224_165010_an6_027_05_0004.json,정상
p03_20221224_165010_an6_027_05_0004.json,정상
p03_20221224_165010_an6_027_05_0004.json,정상
p03_20221224_165010_an6_027_05_0004.json,정상
p03_20221224_165010_an6_027_05_0004.json,정상
p03_20221224_165010_an6_027_05_0004.json,정상
p03_20221224_165010_an6_027_05_0004.json,정상
p03_20221224_165010_an6_027_05_0005.json,정체구간 차선변경
p03_20221224_165010_an6_027_05_0005.json,정상
p03_20221224_165010_an6_027_05_0005.json,정상
p03_20221224_165010_an6_027_05_0005.json,정상
p03_20221224_165010_an6_027_05_0005.json,정상
p03_20221224_165010_an6_027_05_0005.json,정상
p03_20221224_165010_an6_027_05_0005.json,정상
p03_20221224_165010_an6_027_05_0005.json,정상
p03_20221224_165010_an6_027_05_0005.json,정상
p03_20221224_165010_an6_027_05_0005.json,정상
p03_20221224_165010_an6_027_05_0005.json,정상
p03_20221224_165010_an6_027_05_0005.json,정상
p03_20221224_165010_an6_027_05_0005.json,정상
p03_20221224_165010_an6_027_05_0006.json,정체구간 차선변경
p03_20221224_165010_an6_027_05_0006.json,정상
p03_20221224_165010_an6_027_05_0006.json,정상
p03_20221224_165010_an6_027_05_0006.json,정상
p03_20221224_165010_an6_027_05_0006.json,정상
p03_20221224_165010_an6_027_05_0006.json,정상
p03_20221224_165010_an6_027_05_0006.json,정상
p03_20221224_165010_an6_027_05_0006.json,정상
p03_20221224_165010_an6_027_05_0006.json,정상
p03_20221224_165010_an6_027_05_0006.json,정상
p03_20221224_165010_an6_027_05_0006.json,정상
p03_20221224_165010_an6_027_05_0006.json,정상
p03_20221224_165010_an6_027_05_0006.json,정상
p03_20221224_165010_an6_027_05_0007.json,정체구간 차선변경
p03_20221224_165010_an6_027_05_0007.json,정상
p03_20221224_165010_an6_027_05_0007.json,정상
p03_20221224_165010_an6_027_05_0007.json,정상
p03_20221224_165010_an6_027_05_0007.json,정상
p03_20221224_165010_an6_027_05_0007.json,정상
p03_20221224_165010_an6_027_05_0007.json,정상
p03_20221224_165010_an6_027_05_0007.json,정상
p03_20221224_165010_an6_027_05_0007.json,정상
p03_20221224_165010_an6_027_05_0007.json,정상
p03_20221224_165010_an6_027_05_0007.json,정상
p03_20221224_165010_an6_027_05_0007.json,정상
p03_20221224_165010_an6_027_05_0007.json,정상
p03_20221224_165010_an6_027_05_0008.json,정체구간 차선변경
p03_20221224_165010_an6_027_05_0008.json,정상
p03_20221224_165010_an6_027_05_0008.json,정상
p03_20221224_165010_an6_027_05_0008.json,정상
p03_20221224_165010_an6_027_05_0008.json,정상
p03_20221224_165010_an6_027_05_0008.json,정상
p03_20221224_165010_an6_027_05_0008.json,정상
p03_20221224_165010_an6_027_05_0008.json,정상
p03_20221224_165010_an6_027_05_0008.json,정상
p03_20221224_165010_an6_027_05_0008.json,정상
p03_20221224_165010_an6_027_05_0008.json,정상
p03_20221224_165010_an6_027_05_0008.json,정상
p03_20221224_165010_an6_027_05_0008.json,정상
p03_20221224_165010_an6_027_05_0008.json,정상
p03_20221224_165010_an6_027_05_0009.json,정체구간 차선변경
p03_20221224_165010_an6_027_05_0009.json,정상
p03_20221224_165010_an6_027_05_0009.json,정상
p03_20221224_165010_an6_027_05_0009.json,정상
p03_20221224_165010_an6_027_05_0009.json,정상
p03_20221224_165010_an6_027_05_0009.json,정상
p03_20221224_165010_an6_027_05_0009.json,정상
p03_20221224_165010_an6_027_05_0009.json,정상
p03_20221224_165010_an6_027_05_0009.json,정상
p03_20221224_165010_an6_027_05_0009.json,정상
p03_20221224_165010_an6_027_05_0009.json,정상
p03_20221224_165010_an6_027_05_0009.json,정상
p03_20221224_165010_an6_027_05_0009.json,정상
p03_20221224_165010_an6_027_05_0009.json,정상
p03_20221224_165010_an6_027_05_0010.json,정체구간 차선변경
p03_20221224_165010_an6_027_05_0010.json,정상
p03_20221224_165010_an6_027_05_0010.json,정상
p03_20221224_165010_an6_027_05_0010.json,정상
p03_20221224_165010_an6_027_05_0010.json,정상
p03_20221224_165010_an6_027_05_0010.json,정상
p03_20221224_165010_an6_027_05_0010.json,정상
p03_20221224_165010_an6_027_05_0010.json,정상
p03_20221224_165010_an6_027_05_0010.json,정상
p03_20221224_165010_an6_027_05_0010.json,정상
p03_20221224_165010_an6_027_05_0010.json,정상
p03_20221224_165010_an6_027_05_0010.json,정상
p03_20221224_165010_an6_027_05_0010.json,정상
p03_20221224_165010_an6_027_05_0010.json,정상
p03_20221224_165010_an6_027_05_0011.json,정체구간 차선변경
p03_20221224_165010_an6_027_05_0011.json,정상
p03_20221224_165010_an6_027_05_0011.json,정상
p03_20221224_165010_an6_027_05_0011.json,정상
p03_20221224_165010_an6_027_05_0011.json,정상
p03_20221224_165010_an6_027_05_0011.json,정상
p03_20221224_165010_an6_027_05_0011.json,정상
p03_20221224_165010_an6_027_05_0011.json,정상
p03_20221224_165010_an6_027_05_0011.json,정상
p03_20221224_165010_an6_027_05_0011.json,정상
p03_20221224_165010_an6_027_05_0011.json,정상
p03_20221224_165010_an6_027_05_0011.json,정상
p03_20221224_165010_an6_027_05_0011.json,정상
p03_20221224_165010_an6_027_05_0011.json,정상
p03_20221224_165010_an6_027_05_0012.json,정체구간 차선변경
p03_20221224_165010_an6_027_05_0012.json,정상
p03_20221224_165010_an6_027_05_0012.json,정상
p03_20221224_165010_an6_027_05_0012.json,정상
p03_20221224_165010_an6_027_05_0012.json,정상
p03_20221224_165010_an6_027_05_0012.json,정상
p03_20221224_165010_an6_027_05_0012.json,정상
p03_20221224_165010_an6_027_05_0012.json,정상
p03_20221224_165010_an6_027_05_0012.json,정상
p03_20221224_165010_an6_027_05_0012.json,정상
p03_20221224_165010_an6_027_05_0012.json,정상
p03_20221224_165010_an6_027_05_0012.json,정상
p03_20221224_165010_an6_027_05_0012.json,정상
p03_20221224_165010_an6_027_05_0012.json,정상
p03_20221224_165010_an6_027_05_0013.json,정체구간 차선변경
p03_20221224_165010_an6_027_05_0013.json,정상
p03_20221224_165010_an6_027_05_0013.json,정상
p03_20221224_165010_an6_027_05_0013.json,정상
p03_20221224_165010_an6_027_05_0013.json,정상
p03_20221224_165010_an6_027_05_0013.json,정상
p03_20221224_165010_an6_027_05_0013.json,정상
p03_20221224_165010_an6_027_05_0013.json,정상
p03_20221224_165010_an6_027_05_0013.json,정상
p03_20221224_165010_an6_027_05_0013.json,정상
p03_20221224_165010_an6_027_05_0013.json,정상
p03_20221224_165010_an6_027_05_0013.json,정상
p03_20221224_165010_an6_027_05_0013.json,정상
p03_20221224_165010_an6_027_05_0013.json,정상
p03_20221224_165010_an6_027_05_0014.json,정체구간 차선변경
p03_20221224_165010_an6_027_05_0014.json,정상
p03_20221224_165010_an6_027_05_0014.json,정상
p03_20221224_165010_an6_027_05_0014.json,정상
p03_20221224_165010_an6_027_05_0014.json,정상
p03_20221224_165010_an6_027_05_0014.json,정상
p03_20221224_165010_an6_027_05_0014.json,정상
p03_20221224_165010_an6_027_05_0014.json,정상
p03_20221224_165010_an6_027_05_0014.json,정상
p03_20221224_165010_an6_027_05_0014.json,정상
p03_20221224_165010_an6_027_05_0014.json,정상
p03_20221224_165010_an6_027_05_0014.json,정상
p03_20221224_165010_an6_027_05_0014.json,정상
p03_20221224_165010_an6_027_05_0014.json,정상
p03_20221224_165010_an6_027_05_0014.json,정상
p03_20221224_165010_an6_027_05_0015.json,정상
p03_20221224_165010_an6_027_05_0015.json,정체구간 차선변경
p03_20221224_165010_an6_027_05_0015.json,정상
p03_20221224_165010_an6_027_05_0015.json,정상
p03_20221224_165010_an6_027_05_0015.json,정상
p03_20221224_165010_an6_027_05_0015.json,정상
p03_20221224_165010_an6_027_05_0015.json,정상
p03_20221224_165010_an6_027_05_0015.json,정상
p03_20221224_165010_an6_027_05_0015.json,정상
p03_20221224_165010_an6_027_05_0015.json,정상
p03_20221224_165010_an6_027_05_0015.json,정상
p03_20221224_165010_an6_027_05_0015.json,정상
p03_20221224_165010_an6_027_05_0015.json,정상
p03_20221224_165010_an6_027_05_0016.json,정상
p03_20221224_165010_an6_027_05_0016.json,정체구간 차선변경
p03_20221224_165010_an6_027_05_0016.json,정상
p03_20221224_165010_an6_027_05_0016.json,정상
p03_20221224_165010_an6_027_05_0016.json,정상
p03_20221224_165010_an6_027_05_0016.json,정상
p03_20221224_165010_an6_027_05_0016.json,정상
p03_20221224_165010_an6_027_05_0016.json,정상
p03_20221224_165010_an6_027_05_0016.json,정상
p03_20221224_165010_an6_027_05_0016.json,정상
p03_20221224_165010_an6_027_05_0016.json,정상
p03_20221224_165010_an6_027_05_0016.json,정상
p03_20221224_165010_an6_027_05_0016.json,정상
p03_20221224_165010_an6_027_05_0017.json,정상
p03_20221224_165010_an6_027_05_0017.json,정체구간 차선변경
p03_20221224_165010_an6_027_05_0017.json,정상
p03_20221224_165010_an6_027_05_0017.json,정상
p03_20221224_165010_an6_027_05_0017.json,정상
p03_20221224_165010_an6_027_05_0017.json,정상
p03_20221224_165010_an6_027_05_0017.json,정상
p03_20221224_165010_an6_027_05_0017.json,정상
p03_20221224_165010_an6_027_05_0017.json,정상
p03_20221224_165010_an6_027_05_0017.json,정상
p03_20221224_165010_an6_027_05_0017.json,정상
p03_20221224_165010_an6_027_05_0017.json,정상
p03_20221224_165010_an6_027_05_0017.json,정상
p03_20221224_165010_an6_027_05_0017.json,정상
p03_20221224_165010_an6_027_05_0018.json,정상
p03_20221224_165010_an6_027_05_0018.json,정체구간 차선변경
p03_20221224_165010_an6_027_05_0018.json,정상
p03_20221224_165010_an6_027_05_0018.json,정상
p03_20221224_165010_an6_027_05_0018.json,정상
p03_20221224_165010_an6_027_05_0018.json,정상
p03_20221224_165010_an6_027_05_0018.json,정상
p03_20221224_165010_an6_027_05_0018.json,정상
p03_20221224_165010_an6_027_05_0018.json,정상
p03_20221224_165010_an6_027_05_0018.json,정상
p03_20221224_165010_an6_027_05_0018.json,정상
p03_20221224_165010_an6_027_05_0018.json,정상
p03_20221224_165010_an6_027_05_0018.json,정상
p03_20221224_165010_an6_027_05_0018.json,정상
p03_20221224_165010_an6_027_05_0019.json,정상
p03_20221224_165010_an6_027_05_0019.json,정상
p03_20221224_165010_an6_027_05_0019.json,정체구간 차선변경
p03_20221224_165010_an6_027_05_0019.json,정상
p03_20221224_165010_an6_027_05_0019.json,정상
p03_20221224_165010_an6_027_05_0019.json,정상
p03_20221224_165010_an6_027_05_0019.json,정상
p03_20221224_165010_an6_027_05_0019.json,정상
p03_20221224_165010_an6_027_05_0019.json,정상
p03_20221224_165010_an6_027_05_0019.json,정상
p03_20221224_165010_an6_027_05_0019.json,정상
p03_20221224_165010_an6_027_05_0019.json,정상
p03_20221224_165010_an6_027_05_0019.json,정상
p03_20221224_165010_an6_027_05_0020.json,정상
p03_20221224_165010_an6_027_05_0020.json,정상
p03_20221224_165010_an6_027_05_0020.json,정체구간 차선변경
p03_20221224_165010_an6_027_05_0020.json,정상
p03_20221224_165010_an6_027_05_0020.json,정상
p03_20221224_165010_an6_027_05_0020.json,정상
p03_20221224_165010_an6_027_05_0020.json,정상
p03_20221224_165010_an6_027_05_0020.json,정상
p03_20221224_165010_an6_027_05_0020.json,정상
p03_20221224_165010_an6_027_05_0020.json,정상
p03_20221224_165010_an6_027_05_0020.json,정상
p03_20221224_165010_an6_027_05_0020.json,정상
p03_20221224_165010_an6_027_05_0020.json,정상
p03_20221224_165010_an6_027_05_0021.json,정상
p03_20221224_165010_an6_027_05_0021.json,정상
p03_20221224_165010_an6_027_05_0021.json,정체구간 차선변경
p03_20221224_165010_an6_027_05_0021.json,정상
p03_20221224_165010_an6_027_05_0021.json,정상
p03_20221224_165010_an6_027_05_0021.json,정상
p03_20221224_165010_an6_027_05_0021.json,정상
p03_20221224_165010_an6_027_05_0021.json,정상
p03_20221224_165010_an6_027_05_0021.json,정상
p03_20221224_165010_an6_027_05_0021.json,정상
p03_20221224_165010_an6_027_05_0021.json,정상
p03_20221224_165010_an6_027_05_0021.json,정상
p03_20221224_165010_an6_027_05_0021.json,정상
p03_20221224_165010_an6_027_05_0022.json,정상
p03_20221224_165010_an6_027_05_0022.json,정상
p03_20221224_165010_an6_027_05_0022.json,정체구간 차선변경
p03_20221224_165010_an6_027_05_0022.json,정상
p03_20221224_165010_an6_027_05_0022.json,정상
p03_20221224_165010_an6_027_05_0022.json,정상
p03_20221224_165010_an6_027_05_0022.json,정상
p03_20221224_165010_an6_027_05_0022.json,정상
p03_20221224_165010_an6_027_05_0022.json,정상
p03_20221224_165010_an6_027_05_0022.json,정상
p03_20221224_165010_an6_027_05_0022.json,정상
p03_20221224_165010_an6_027_05_0022.json,정상
p03_20221224_165010_an6_027_05_0022.json,정상
p03_20221224_165010_an6_027_05_0022.json,정상
p03_20221224_165010_an6_027_05_0023.json,정상
p03_20221224_165010_an6_027_05_0023.json,정상
p03_20221224_165010_an6_027_05_0023.json,정체구간 차선변경
p03_20221224_165010_an6_027_05_0023.json,정상
p03_20221224_165010_an6_027_05_0023.json,정상
p03_20221224_165010_an6_027_05_0023.json,정상
p03_20221224_165010_an6_027_05_0023.json,정상
p03_20221224_165010_an6_027_05_0023.json,정상
p03_20221224_165010_an6_027_05_0023.json,정상
p03_20221224_165010_an6_027_05_0023.json,정상
p03_20221224_165010_an6_027_05_0023.json,정상
p03_20221224_165010_an6_027_05_0023.json,정상
p03_20221224_165010_an6_027_05_0023.json,정상
p03_20221224_165010_an6_027_05_0023.json,정상
p03_20221224_165010_an6_027_05_0024.json,정상
p03_20221224_165010_an6_027_05_0024.json,정상
p03_20221224_165010_an6_027_05_0024.json,정상
p03_20221224_165010_an6_027_05_0024.json,정상
p03_20221224_165010_an6_027_05_0024.json,정상
p03_20221224_165010_an6_027_05_0024.json,정상
p03_20221224_165010_an6_027_05_0024.json,정상
p03_20221224_165010_an6_027_05_0024.json,정상
p03_20221224_165010_an6_027_05_0024.json,정상
p03_20221224_165010_an6_027_05_0024.json,정상
p03_20221224_165010_an6_027_05_0024.json,정상
p03_20221224_165010_an6_027_05_0024.json,정상
p03_20221224_165010_an6_027_05_0025.json,정상
p03_20221224_165010_an6_027_05_0025.json,정상
p03_20221224_165010_an6_027_05_0025.json,정상
p03_20221224_165010_an6_027_05_0025.json,정상
p03_20221224_165010_an6_027_05_0025.json,정상
p03_20221224_165010_an6_027_05_0025.json,정상
p03_20221224_165010_an6_027_05_0025.json,정상
p03_20221224_165010_an6_027_05_0025.json,정상
p03_20221224_165010_an6_027_05_0025.json,정상
p03_20221224_165010_an6_027_05_0025.json,정상
p03_20221224_165010_an6_027_05_0026.json,정상
p03_20221224_165010_an6_027_05_0026.json,정상
p03_20221224_165010_an6_027_05_0026.json,정상
p03_20221224_165010_an6_027_05_0026.json,정상
p03_20221224_165010_an6_027_05_0026.json,정상
p03_20221224_165010_an6_027_05_0026.json,정상
p03_20221224_165010_an6_027_05_0026.json,정상
p03_20221224_165010_an6_027_05_0026.json,정상
p03_20221224_165010_an6_027_05_0026.json,정상
p01_20230107_an7_065_04_0001.png,정상
p01_20230107_an7_065_04_0001.png,정상
p01_20230107_an7_065_04_0001.png,정상
p01_20230107_an7_065_04_0001.png,정상
p01_20230107_an7_065_04_0001.png,정상
p01_20230107_an7_065_04_0001.png,정상
p01_20230107_an7_065_04_0001.png,정상
p01_20230107_an7_065_04_0001.png,정상
p01_20230107_an7_065_04_0001.png,정상
p01_20230107_an7_065_04_0001.png,정상
p01_20230107_an7_065_04_0002.png,정상
p01_20230107_an7_065_04_0002.png,정상
p01_20230107_an7_065_04_0002.png,정상
p01_20230107_an7_065_04_0002.png,정상
p01_20230107_an7_065_04_0002.png,정상
p01_20230107_an7_065_04_0002.png,정상
p01_20230107_an7_065_04_0002.png,정상
p01_20230107_an7_065_04_0002.png,정상
p01_20230107_an7_065_04_0002.png,정상
p01_20230107_an7_065_04_0003.png,정상
p01_20230107_an7_065_04_0003.png,정상
p01_20230107_an7_065_04_0003.png,정상
p01_20230107_an7_065_04_0003.png,정상
p01_20230107_an7_065_04_0003.png,정상
p01_20230107_an7_065_04_0003.png,정상
p01_20230107_an7_065_04_0003.png,정상
p01_20230107_an7_065_04_0003.png,정상
p01_20230107_an7_065_04_0003.png,정상
p01_20230107_an7_065_04_0003.png,정상
p01_20230107_an7_065_04_0003.png,정상
p01_20230107_an7_065_04_0004.png,정상
p01_20230107_an7_065_04_0004.png,정상
p01_20230107_an7_065_04_0004.png,정상
p01_20230107_an7_065_04_0004.png,정상
p01_20230107_an7_065_04_0004.png,정상
p01_20230107_an7_065_04_0004.png,정상
p01_20230107_an7_065_04_0004.png,정상
p01_20230107_an7_065_04_0004.png,정상
p01_20230107_an7_065_04_0004.png,정상
p01_20230107_an7_065_04_0004.png,정상
p01_20230107_an7_065_04_0005.png,정상
p01_20230107_an7_065_04_0005.png,정상
p01_20230107_an7_065_04_0005.png,정상
p01_20230107_an7_065_04_0005.png,정상
p01_20230107_an7_065_04_0005.png,정상
p01_20230107_an7_065_04_0005.png,정상
p01_20230107_an7_065_04_0005.png,정상
p01_20230107_an7_065_04_0005.png,정상
p01_20230107_an7_065_04_0005.png,정상
p01_20230107_an7_065_04_0005.png,정상
p01_20230107_an7_065_04_0006.png,안전거리 미확보 차선 변경
p01_20230107_an7_065_04_0006.png,정상
p01_20230107_an7_065_04_0006.png,정상
p01_20230107_an7_065_04_0006.png,정상
p01_20230107_an7_065_04_0006.png,정상
p01_20230107_an7_065_04_0006.png,정상
p01_20230107_an7_065_04_0006.png,정상
p01_20230107_an7_065_04_0006.png,정상
p01_20230107_an7_065_04_0006.png,정상
p01_20230107_an7_065_04_0006.png,정상
p01_20230107_an7_065_04_0007.png,안전거리 미확보 차선 변경
p01_20230107_an7_065_04_0007.png,정상
p01_20230107_an7_065_04_0007.png,정상
p01_20230107_an7_065_04_0007.png,정상
p01_20230107_an7_065_04_0007.png,정상
p01_20230107_an7_065_04_0007.png,정상
p01_20230107_an7_065_04_0007.png,정상
p01_20230107_an7_065_04_0007.png,정상
p01_20230107_an7_065_04_0007.png,정상
p01_20230107_an7_065_04_0007.png,정상
p01_20230107_an7_065_04_0008.png,정상
p01_20230107_an7_065_04_0008.png,정상
p01_20230107_an7_065_04_0008.png,정상
p01_20230107_an7_065_04_0008.png,안전거리 미확보 차선 변경
p01_20230107_an7_065_04_0008.png,정상
p01_20230107_an7_065_04_0008.png,정상
p01_20230107_an7_065_04_0008.png,정상
p01_20230107_an7_065_04_0008.png,정상
p01_20230107_an7_065_04_0008.png,정상
p01_20230107_an7_065_04_0008.png,정상
p01_20230107_an7_065_04_0008.png,정상
p01_20230107_an7_065_04_0009.png,정상
p01_20230107_an7_065_04_0009.png,안전거리 미확보 차선 변경
p01_20230107_an7_065_04_0009.png,정상
p01_20230107_an7_065_04_0009.png,정상
p01_20230107_an7_065_04_0009.png,정상
p01_20230107_an7_065_04_0009.png,정상
p01_20230107_an7_065_04_0009.png,정상
p01_20230107_an7_065_04_0009.png,정상
p01_20230107_an7_065_04_0009.png,정상
p01_20230107_an7_065_04_0009.png,정상
p01_20230107_an7_065_04_0009.png,정상
p01_20230107_an7_065_04_0010.png,정상
p01_20230107_an7_065_04_0010.png,안전거리 미확보 차선 변경
p01_20230107_an7_065_04_0010.png,정상
p01_20230107_an7_065_04_0010.png,정상
p01_20230107_an7_065_04_0010.png,정상
p01_20230107_an7_065_04_0010.png,정상
p01_20230107_an7_065_04_0010.png,정상
p01_20230107_an7_065_04_0010.png,정상
p01_20230107_an7_065_04_0010.png,정상
p01_20230107_an7_065_04_0010.png,정상
p01_20230107_an7_065_04_0010.png,정상
p01_20230107_an7_065_04_0010.png,정상
p01_20230107_an7_065_04_0011.png,정상
p01_20230107_an7_065_04_0011.png,안전거리 미확보 차선 변경
p01_20230107_an7_065_04_0011.png,정상
p01_20230107_an7_065_04_0011.png,정상
p01_20230107_an7_065_04_0011.png,정상
p01_20230107_an7_065_04_0011.png,정상
p01_20230107_an7_065_04_0011.png,정상
p01_20230107_an7_065_04_0011.png,정상
p01_20230107_an7_065_04_0011.png,정상
p01_20230107_an7_065_04_0011.png,정상
p01_20230107_an7_065_04_0011.png,정상
p01_20230107_an7_065_04_0012.png,정상
p01_20230107_an7_065_04_0012.png,안전거리 미확보 차선 변경
p01_20230107_an7_065_04_0012.png,정상
p01_20230107_an7_065_04_0012.png,정상
p01_20230107_an7_065_04_0012.png,정상
p01_20230107_an7_065_04_0012.png,정상
p01_20230107_an7_065_04_0012.png,정상
p01_20230107_an7_065_04_0012.png,정상
p01_20230107_an7_065_04_0012.png,정상
p01_20230107_an7_065_04_0012.png,정상
p01_20230107_an7_065_04_0012.png,정상
p01_20230107_an7_065_04_0013.png,정상
p01_20230107_an7_065_04_0013.png,안전거리 미확보 차선 변경
p01_20230107_an7_065_04_0013.png,정상
p01_20230107_an7_065_04_0013.png,정상
p01_20230107_an7_065_04_0013.png,정상
p01_20230107_an7_065_04_0013.png,정상
p01_20230107_an7_065_04_0013.png,정상
p01_20230107_an7_065_04_0013.png,정상
p01_20230107_an7_065_04_0013.png,정상
p01_20230107_an7_065_04_0013.png,정상
p01_20230107_an7_065_04_0013.png,정상
p01_20230107_an7_065_04_0014.png,정상
p01_20230107_an7_065_04_0014.png,안전거리 미확보 차선 변경
p01_20230107_an7_065_04_0014.png,정상
p01_20230107_an7_065_04_0014.png,정상
p01_20230107_an7_065_04_0014.png,정상
p01_20230107_an7_065_04_0014.png,정상
p01_20230107_an7_065_04_0014.png,정상
p01_20230107_an7_065_04_0014.png,정상
p01_20230107_an7_065_04_0014.png,정상
p01_20230107_an7_065_04_0014.png,정상
p01_20230107_an7_065_04_0015.png,정상
p01_20230107_an7_065_04_0015.png,안전거리 미확보 차선 변경
p01_20230107_an7_065_04_0015.png,정상
p01_20230107_an7_065_04_0015.png,정상
p01_20230107_an7_065_04_0015.png,정상
p01_20230107_an7_065_04_0015.png,정상
p01_20230107_an7_065_04_0015.png,정상
p01_20230107_an7_065_04_0015.png,정상
p01_20230107_an7_065_04_0015.png,정상
p01_20230107_an7_065_04_0015.png,정상
p01_20230107_an7_065_04_0016.png,정상
p01_20230107_an7_065_04_0016.png,안전거리 미확보 차선 변경
p01_20230107_an7_065_04_0016.png,정상
p01_20230107_an7_065_04_0016.png,정상
p01_20230107_an7_065_04_0016.png,정상
p01_20230107_an7_065_04_0016.png,정상
p01_20230107_an7_065_04_0016.png,정상
p01_20230107_an7_065_04_0016.png,정상
p01_20230107_an7_065_04_0016.png,정상
p01_20230107_an7_065_04_0016.png,정상
p01_20230107_an7_065_04_0017.png,안전거리 미확보 차선 변경
p01_20230107_an7_065_04_0017.png,정상
p01_20230107_an7_065_04_0017.png,정상
p01_20230107_an7_065_04_0017.png,정상
p01_20230107_an7_065_04_0017.png,정상
p01_20230107_an7_065_04_0017.png,정상
p01_20230107_an7_065_04_0017.png,정상
p01_20230107_an7_065_04_0017.png,정상
p01_20230107_an7_065_04_0017.png,정상
p01_20230107_an7_065_04_0017.png,정상
p01_20230107_an7_065_04_0018.png,안전거리 미확보 차선 변경
p01_20230107_an7_065_04_0018.png,정상
p01_20230107_an7_065_04_0018.png,정상
p01_20230107_an7_065_04_0018.png,정상
p01_20230107_an7_065_04_0018.png,정상
p01_20230107_an7_065_04_0018.png,정상
p01_20230107_an7_065_04_0018.png,정상
p01_20230107_an7_065_04_0018.png,정상
p01_20230107_an7_065_04_0018.png,정상
p01_20230107_an7_065_04_0018.png,정상
p01_20230107_an7_065_04_0019.png,안전거리 미확보 차선 변경
p01_20230107_an7_065_04_0019.png,정상
p01_20230107_an7_065_04_0019.png,정상
p01_20230107_an7_065_04_0019.png,정상
p01_20230107_an7_065_04_0019.png,정상
p01_20230107_an7_065_04_0019.png,정상
p01_20230107_an7_065_04_0019.png,정상
p01_20230107_an7_065_04_0019.png,정상
p01_20230107_an7_065_04_0019.png,정상
p01_20230107_an7_065_04_0019.png,정상
p01_20230107_an7_065_04_0020.png,정상
p01_20230107_an7_065_04_0020.png,안전거리 미확보 차선 변경
p01_20230107_an7_065_04_0020.png,정상
p01_20230107_an7_065_04_0020.png,정상
p01_20230107_an7_065_04_0020.png,정상
p01_20230107_an7_065_04_0020.png,정상
p01_20230107_an7_065_04_0020.png,정상
p01_20230107_an7_065_04_0020.png,정상
p01_20230107_an7_065_04_0020.png,정상
p01_20230107_an7_065_04_0021.png,정상
p01_20230107_an7_065_04_0021.png,안전거리 미확보 차선 변경
p01_20230107_an7_065_04_0021.png,정상
p01_20230107_an7_065_04_0021.png,정상
p01_20230107_an7_065_04_0021.png,정상
p01_20230107_an7_065_04_0021.png,정상
p01_20230107_an7_065_04_0021.png,정상
p01_20230107_an7_065_04_0021.png,정상
p01_20230107_an7_065_04_0021.png,정상
p01_20230107_an7_065_04_0022.png,안전거리 미확보 차선 변경
p01_20230107_an7_065_04_0022.png,정상
p01_20230107_an7_065_04_0022.png,정상
p01_20230107_an7_065_04_0022.png,정상
p01_20230107_an7_065_04_0022.png,정상
p01_20230107_an7_065_04_0022.png,정상
p01_20230107_an7_065_04_0022.png,정상
p01_20230107_an7_065_04_0022.png,정상
p01_20230107_an7_065_04_0022.png,정상
p01_20230107_an7_065_04_0023.png,안전거리 미확보 차선 변경
p01_20230107_an7_065_04_0023.png,정상
p01_20230107_an7_065_04_0023.png,정상
p01_20230107_an7_065_04_0023.png,정상
p01_20230107_an7_065_04_0023.png,정상
p01_20230107_an7_065_04_0023.png,정상
p01_20230107_an7_065_04_0023.png,정상
p01_20230107_an7_065_04_0023.png,정상
p01_20230107_an7_065_04_0023.png,정상
p01_20230107_an7_065_04_0024.png,정상
p01_20230107_an7_065_04_0024.png,안전거리 미확보 차선 변경
p01_20230107_an7_065_04_0024.png,정상
p01_20230107_an7_065_04_0024.png,정상
p01_20230107_an7_065_04_0024.png,정상
p01_20230107_an7_065_04_0024.png,정상
p01_20230107_an7_065_04_0024.png,정상
p01_20230107_an7_065_04_0024.png,정상
p01_20230107_an7_065_04_0024.png,정상
p01_20230107_an7_065_04_0025.png,정상
p01_20230107_an7_065_04_0025.png,안전거리 미확보 차선 변경
p01_20230107_an7_065_04_0025.png,정상
p01_20230107_an7_065_04_0025.png,정상
p01_20230107_an7_065_04_0025.png,정상
p01_20230107_an7_065_04_0025.png,정상
p01_20230107_an7_065_04_0025.png,정상
p01_20230107_an7_065_04_0025.png,정상
p01_20230107_an7_065_04_0025.png,정상
p01_20230107_an7_065_04_0025.png,정상
p01_20230107_an7_065_04_0025.png,정상
p01_20230107_an7_065_04_0026.png,정상
p01_20230107_an7_065_04_0026.png,안전거리 미확보 차선 변경
p01_20230107_an7_065_04_0026.png,정상
p01_20230107_an7_065_04_0026.png,정상
p01_20230107_an7_065_04_0026.png,정상
p01_20230107_an7_065_04_0026.png,정상
p01_20230107_an7_065_04_0026.png,정상
p01_20230107_an7_065_04_0026.png,정상
p01_20230107_an7_065_04_0026.png,정상
p01_20230107_an7_065_04_0026.png,정상
p01_20230107_an7_065_04_0026.png,정상
p01_20230107_an7_065_04_0027.png,정상
p01_20230107_an7_065_04_0027.png,안전거리 미확보 차선 변경
p01_20230107_an7_065_04_0027.png,정상
p01_20230107_an7_065_04_0027.png,정상
p01_20230107_an7_065_04_0027.png,정상
p01_20230107_an7_065_04_0027.png,정상
p01_20230107_an7_065_04_0027.png,정상
p01_20230107_an7_065_04_0027.png,정상
p01_20230107_an7_065_04_0027.png,정상
p01_20230107_an7_065_04_0027.png,정상
p01_20230107_an7_065_04_0028.png,정상
p01_20230107_an7_065_04_0028.png,안전거리 미확보 차선 변경
p01_20230107_an7_065_04_0028.png,정상
p01_20230107_an7_065_04_0028.png,정상
p01_20230107_an7_065_04_0028.png,정상
p01_20230107_an7_065_04_0028.png,정상
p01_20230107_an7_065_04_0028.png,정상
p01_20230107_an7_065_04_0028.png,정상
p01_20230107_an7_065_04_0028.png,정상
p01_20230107_an7_065_04_0028.png,정상
p01_20230107_an7_065_04_0028.png,정상
p01_20230107_an7_065_04_0029.png,정상
p01_20230107_an7_065_04_0029.png,안전거리 미확보 차선 변경
p01_20230107_an7_065_04_0029.png,정상
p01_20230107_an7_065_04_0029.png,정상
p01_20230107_an7_065_04_0029.png,정상
p01_20230107_an7_065_04_0029.png,정상
p01_20230107_an7_065_04_0029.png,정상
p01_20230107_an7_065_04_0029.png,정상
p01_20230107_an7_065_04_0029.png,정상
p01_20230107_an7_065_04_0029.png,정상
p01_20230107_an7_065_04_0029.png,정상
p01_20230107_an7_065_04_0030.png,정상
p01_20230107_an7_065_04_0030.png,정상
p01_20230107_an7_065_04_0030.png,안전거리 미확보 차선 변경
p01_20230107_an7_065_04_0030.png,정상
p01_20230107_an7_065_04_0030.png,정상
p01_20230107_an7_065_04_0030.png,정상
p01_20230107_an7_065_04_0030.png,정상
p01_20230107_an7_065_04_0030.png,정상
p01_20230107_an7_065_04_0030.png,정상
p01_20230107_an7_065_04_0030.png,정상
p01_20230107_an7_065_04_0030.png,정상
p01_20230107_an7_065_04_0031.png,정상
p01_20230107_an7_065_04_0031.png,정상
p01_20230107_an7_065_04_0031.png,안전거리 미확보 차선 변경
p01_20230107_an7_065_04_0031.png,정상
p01_20230107_an7_065_04_0031.png,정상
p01_20230107_an7_065_04_0031.png,정상
p01_20230107_an7_065_04_0031.png,정상
p01_20230107_an7_065_04_0031.png,정상
p01_20230107_an7_065_04_0031.png,정상
p01_20230107_an7_065_04_0031.png,정상
p01_20230107_an7_065_04_0031.png,정상
p01_20230107_an7_065_04_0032.png,정상
p01_20230107_an7_065_04_0032.png,정상
p01_20230107_an7_065_04_0032.png,안전거리 미확보 차선 변경
p01_20230107_an7_065_04_0032.png,정상
p01_20230107_an7_065_04_0032.png,정상
p01_20230107_an7_065_04_0032.png,정상
p01_20230107_an7_065_04_0032.png,정상
p01_20230107_an7_065_04_0032.png,정상
p01_20230107_an7_065_04_0032.png,정상
p01_20230107_an7_065_04_0032.png,정상
p01_20230107_an7_065_04_0032.png,정상
p01_20230107_an7_065_04_0033.png,정상
p01_20230107_an7_065_04_0033.png,정상
p01_20230107_an7_065_04_0033.png,안전거리 미확보 차선 변경
p01_20230107_an7_065_04_0033.png,정상
p01_20230107_an7_065_04_0033.png,정상
p01_20230107_an7_065_04_0033.png,정상
p01_20230107_an7_065_04_0033.png,정상
p01_20230107_an7_065_04_0033.png,정상
p01_20230107_an7_065_04_0033.png,정상
p01_20230107_an7_065_04_0033.png,정상
p01_20230107_an7_065_04_0033.png,정상
p01_20230107_an7_065_04_0034.png,정상
p01_20230107_an7_065_04_0034.png,정상
p01_20230107_an7_065_04_0034.png,정상
p01_20230107_an7_065_04_0034.png,안전거리 미확보 차선 변경
p01_20230107_an7_065_04_0034.png,정상
p01_20230107_an7_065_04_0034.png,정상
p01_20230107_an7_065_04_0034.png,정상
p01_20230107_an7_065_04_0034.png,정상
p01_20230107_an7_065_04_0034.png,정상
p01_20230107_an7_065_04_0034.png,정상
p01_20230107_an7_065_04_0034.png,정상
p01_20230107_an7_065_04_0034.png,정상
p01_20230107_an7_065_04_0035.png,정상
p01_20230107_an7_065_04_0035.png,정상
p01_20230107_an7_065_04_0035.png,정상
p01_20230107_an7_065_04_0035.png,안전거리 미확보 차선 변경
p01_20230107_an7_065_04_0035.png,정상
p01_20230107_an7_065_04_0035.png,정상
p01_20230107_an7_065_04_0035.png,정상
p01_20230107_an7_065_04_0035.png,정상
p01_20230107_an7_065_04_0035.png,정상
p01_20230107_an7_065_04_0035.png,정상
p01_20230107_an7_065_04_0035.png,정상
p01_20230107_an7_065_04_0036.png,정상
p01_20230107_an7_065_04_0036.png,정상
p01_20230107_an7_065_04_0036.png,정상
p01_20230107_an7_065_04_0036.png,안전거리 미확보 차선 변경
p01_20230107_an7_065_04_0036.png,정상
p01_20230107_an7_065_04_0036.png,정상
p01_20230107_an7_065_04_0036.png,정상
p01_20230107_an7_065_04_0036.png,정상
p01_20230107_an7_065_04_0036.png,정상
p01_20230107_an7_065_04_0036.png,정상
p01_20230107_an7_065_04_0036.png,정상
p01_20230107_an7_065_04_0036.png,정상
p01_20230107_an7_065_04_0037.png,정상
p01_20230107_an7_065_04_0037.png,정상
p01_20230107_an7_065_04_0037.png,안전거리 미확보 차선 변경
p01_20230107_an7_065_04_0037.png,정상
p01_20230107_an7_065_04_0037.png,정상
p01_20230107_an7_065_04_0037.png,정상
p01_20230107_an7_065_04_0037.png,정상
p01_20230107_an7_065_04_0037.png,정상
p01_20230107_an7_065_04_0037.png,정상
p01_20230107_an7_065_04_0037.png,정상
p01_20230107_an7_065_04_0037.png,정상
p01_20230107_an7_065_04_0038.png,정상
p01_20230107_an7_065_04_0038.png,정상
p01_20230107_an7_065_04_0038.png,정상
p01_20230107_an7_065_04_0038.png,정상
p01_20230107_an7_065_04_0038.png,정상
p01_20230107_an7_065_04_0038.png,정상
p01_20230107_an7_065_04_0038.png,정상
p01_20230107_an7_065_04_0038.png,정상
p01_20230107_an7_065_04_0038.png,정상
p01_20230107_an7_065_04_0038.png,정상
p01_20230107_an7_065_04_0038.png,정상
p01_20230107_an7_065_04_0038.png,정상
p01_20230107_an7_065_04_0039.png,정상
p01_20230107_an7_065_04_0039.png,정상
p01_20230107_an7_065_04_0039.png,정상
p01_20230107_an7_065_04_0039.png,정상
p01_20230107_an7_065_04_0039.png,정상
p01_20230107_an7_065_04_0039.png,정상
p01_20230107_an7_065_04_0039.png,정상
p01_20230107_an7_065_04_0039.png,정상
p01_20230107_an7_065_04_0039.png,정상
p01_20230107_an7_065_04_0039.png,정상
p01_20230107_an7_065_04_0039.png,정상
p01_20230107_an7_065_04_0039.png,정상
p01_20230107_an7_065_04_0039.png,정상
p01_20230107_an7_065_04_0040.png,정상
p01_20230107_an7_065_04_0040.png,정상
p01_20230107_an7_065_04_0040.png,정상
p01_20230107_an7_065_04_0040.png,정상
p01_20230107_an7_065_04_0040.png,정상
p01_20230107_an7_065_04_0040.png,정상
p01_20230107_an7_065_04_0040.png,정상
p01_20230107_an7_065_04_0040.png,정상
p01_20230107_an7_065_04_0040.png,정상
p01_20230107_an7_065_04_0040.png,정상
p01_20230107_an7_065_04_0040.png,정상
p01_20230107_an7_065_04_0041.png,정상
p01_20230107_an7_065_04_0041.png,정상
p01_20230107_an7_065_04_0041.png,정상
p01_20230107_an7_065_04_0041.png,정상
p01_20230107_an7_065_04_0041.png,정상
p01_20230107_an7_065_04_0041.png,정상
p01_20230107_an7_065_04_0041.png,정상
p01_20230107_an7_065_04_0041.png,정상
p01_20230107_an7_065_04_0041.png,정상
p01_20230107_an7_065_04_0041.png,정상
p01_20230107_an7_065_04_0041.png,정상
p01_20230107_an7_065_04_0041.png,정상
p01_20230107_an7_065_04_0042.png,정상
p01_20230107_an7_065_04_0042.png,정상
p01_20230107_an7_065_04_0042.png,정상
p01_20230107_an7_065_04_0042.png,정상
p01_20230107_an7_065_04_0042.png,정상
p01_20230107_an7_065_04_0042.png,정상
p01_20230107_an7_065_04_0042.png,정상
p01_20230107_an7_065_04_0042.png,정상
p01_20230107_an7_065_04_0042.png,정상
p01_20230107_an7_065_04_0042.png,정상
p01_20230107_an7_065_04_0042.png,정상
p01_20230107_an7_065_04_0042.png,정상
p01_20230107_an7_065_04_0042.png,정상
p01_20230107_an7_065_04_0042.png,정상
p01_20230107_an7_066_06_0001.png,정상
p01_20230107_an7_066_06_0001.png,정상
p01_20230107_an7_066_06_0001.png,정상
p01_20230107_an7_066_06_0001.png,정상
p01_20230107_an7_066_06_0001.png,정상
p01_20230107_an7_066_06_0001.png,정상
p01_20230107_an7_066_06_0001.png,정상
p01_20230107_an7_066_06_0001.png,정상
p01_20230107_an7_066_06_0002.png,정상
p01_20230107_an7_066_06_0002.png,정상
p01_20230107_an7_066_06_0002.png,정상
p01_20230107_an7_066_06_0002.png,정상
p01_20230107_an7_066_06_0002.png,정상
p01_20230107_an7_066_06_0002.png,정상
p01_20230107_an7_066_06_0002.png,정상
p01_20230107_an7_066_06_0002.png,정상
p01_20230107_an7_066_06_0002.png,정상
p01_20230107_an7_066_06_0003.png,정상
p01_20230107_an7_066_06_0003.png,정상
p01_20230107_an7_066_06_0003.png,정상
p01_20230107_an7_066_06_0003.png,정상
p01_20230107_an7_066_06_0003.png,정상
p01_20230107_an7_066_06_0003.png,정상
p01_20230107_an7_066_06_0003.png,정상
p01_20230107_an7_066_06_0003.png,정상
p01_20230107_an7_066_06_0004.png,정상
p01_20230107_an7_066_06_0004.png,정상
p01_20230107_an7_066_06_0004.png,정상
p01_20230107_an7_066_06_0004.png,정상
p01_20230107_an7_066_06_0004.png,정상
p01_20230107_an7_066_06_0004.png,정상
p01_20230107_an7_066_06_0004.png,정상
p01_20230107_an7_066_06_0004.png,정상
p01_20230107_an7_066_06_0005.png,정상
p01_20230107_an7_066_06_0005.png,정상
p01_20230107_an7_066_06_0005.png,정상
p01_20230107_an7_066_06_0005.png,정상
p01_20230107_an7_066_06_0005.png,정상
p01_20230107_an7_066_06_0005.png,정상
p01_20230107_an7_066_06_0005.png,정상
p01_20230107_an7_066_06_0005.png,정상
p01_20230107_an7_066_06_0006.png,안전거리 미확보 차선 변경
p01_20230107_an7_066_06_0006.png,정상
p01_20230107_an7_066_06_0006.png,정상
p01_20230107_an7_066_06_0006.png,정상
p01_20230107_an7_066_06_0006.png,정상
p01_20230107_an7_066_06_0006.png,정상
p01_20230107_an7_066_06_0006.png,정상
p01_20230107_an7_066_06_0006.png,정상
p01_20230107_an7_066_06_0007.png,안전거리 미확보 차선 변경
p01_20230107_an7_066_06_0007.png,정상
p01_20230107_an7_066_06_0007.png,정상
p01_20230107_an7_066_06_0007.png,정상
p01_20230107_an7_066_06_0007.png,정상
p01_20230107_an7_066_06_0007.png,정상
p01_20230107_an7_066_06_0007.png,정상
p01_20230107_an7_066_06_0007.png,정상
p01_20230107_an7_066_06_0007.png,정상
p01_20230107_an7_066_06_0008.png,안전거리 미확보 차선 변경
p01_20230107_an7_066_06_0008.png,정상
p01_20230107_an7_066_06_0008.png,정상
p01_20230107_an7_066_06_0008.png,정상
p01_20230107_an7_066_06_0008.png,정상
p01_20230107_an7_066_06_0008.png,정상
p01_20230107_an7_066_06_0008.png,정상
p01_20230107_an7_066_06_0008.png,정상
p01_20230107_an7_066_06_0009.png,정상
p01_20230107_an7_066_06_0009.png,정상
p01_20230107_an7_066_06_0009.png,정상
p01_20230107_an7_066_06_0009.png,정상
p01_20230107_an7_066_06_0009.png,안전거리 미확보 차선 변경
p01_20230107_an7_066_06_0009.png,정상
p01_20230107_an7_066_06_0009.png,정상
p01_20230107_an7_066_06_0009.png,정상
p01_20230107_an7_066_06_0010.png,안전거리 미확보 차선 변경
p01_20230107_an7_066_06_0010.png,정상
p01_20230107_an7_066_06_0010.png,정상
p01_20230107_an7_066_06_0010.png,정상
p01_20230107_an7_066_06_0010.png,정상
p01_20230107_an7_066_06_0010.png,정상
p01_20230107_an7_066_06_0010.png,정상
p01_20230107_an7_066_06_0010.png,정상
p01_20230107_an7_066_06_0011.png,안전거리 미확보 차선 변경
p01_20230107_an7_066_06_0011.png,정상
p01_20230107_an7_066_06_0011.png,정상
p01_20230107_an7_066_06_0011.png,정상
p01_20230107_an7_066_06_0011.png,정상
p01_20230107_an7_066_06_0011.png,정상
p01_20230107_an7_066_06_0011.png,정상
p01_20230107_an7_066_06_0011.png,정상
p01_20230107_an7_066_06_0012.png,안전거리 미확보 차선 변경
p01_20230107_an7_066_06_0012.png,정상
p01_20230107_an7_066_06_0012.png,정상
p01_20230107_an7_066_06_0012.png,정상
p01_20230107_an7_066_06_0012.png,정상
p01_20230107_an7_066_06_0012.png,정상
p01_20230107_an7_066_06_0013.png,안전거리 미확보 차선 변경
p01_20230107_an7_066_06_0013.png,정상
p01_20230107_an7_066_06_0013.png,정상
p01_20230107_an7_066_06_0013.png,정상
p01_20230107_an7_066_06_0013.png,정상
p01_20230107_an7_066_06_0013.png,정상
p01_20230107_an7_066_06_0014.png,안전거리 미확보 차선 변경
p01_20230107_an7_066_06_0014.png,정상
p01_20230107_an7_066_06_0014.png,정상
p01_20230107_an7_066_06_0014.png,정상
p01_20230107_an7_066_06_0014.png,정상
p01_20230107_an7_066_06_0014.png,정상
p01_20230107_an7_066_06_0014.png,정상
p01_20230107_an7_066_06_0014.png,정상
p01_20230107_an7_066_06_0015.png,안전거리 미확보 차선 변경
p01_20230107_an7_066_06_0015.png,정상
p01_20230107_an7_066_06_0015.png,정상
p01_20230107_an7_066_06_0015.png,정상
p01_20230107_an7_066_06_0015.png,정상
p01_20230107_an7_066_06_0015.png,정상
p01_20230107_an7_066_06_0015.png,정상
p01_20230107_an7_066_06_0016.png,안전거리 미확보 차선 변경
p01_20230107_an7_066_06_0016.png,정상
p01_20230107_an7_066_06_0016.png,정상
p01_20230107_an7_066_06_0016.png,정상
p01_20230107_an7_066_06_0016.png,정상
p01_20230107_an7_066_06_0016.png,정상
p01_20230107_an7_066_06_0017.png,정상
p01_20230107_an7_066_06_0017.png,정상
p01_20230107_an7_066_06_0017.png,안전거리 미확보 차선 변경
p01_20230107_an7_066_06_0017.png,정상
p01_20230107_an7_066_06_0017.png,정상
p01_20230107_an7_066_06_0017.png,정상
p01_20230107_an7_066_06_0018.png,안전거리 미확보 차선 변경
p01_20230107_an7_066_06_0018.png,정상
p01_20230107_an7_066_06_0018.png,정상
p01_20230107_an7_066_06_0018.png,정상
p01_20230107_an7_066_06_0018.png,정상
p01_20230107_an7_066_06_0018.png,정상
p01_20230107_an7_066_06_0019.png,안전거리 미확보 차선 변경
p01_20230107_an7_066_06_0019.png,정상
p01_20230107_an7_066_06_0019.png,정상
p01_20230107_an7_066_06_0019.png,정상
p01_20230107_an7_066_06_0019.png,정상
p01_20230107_an7_066_06_0019.png,정상
p01_20230107_an7_066_06_0020.png,안전거리 미확보 차선 변경
p01_20230107_an7_066_06_0020.png,정상
p01_20230107_an7_066_06_0020.png,정상
p01_20230107_an7_066_06_0020.png,정상
p01_20230107_an7_066_06_0020.png,정상
p01_20230107_an7_066_06_0020.png,정상
p01_20230107_an7_066_06_0021.png,안전거리 미확보 차선 변경
p01_20230107_an7_066_06_0021.png,정상
p01_20230107_an7_066_06_0021.png,정상
p01_20230107_an7_066_06_0021.png,정상
p01_20230107_an7_066_06_0021.png,정상
p01_20230107_an7_066_06_0021.png,정상
p01_20230107_an7_066_06_0022.png,안전거리 미확보 차선 변경
p01_20230107_an7_066_06_0022.png,정상
p01_20230107_an7_066_06_0022.png,정상
p01_20230107_an7_066_06_0022.png,정상
p01_20230107_an7_066_06_0022.png,정상
p01_20230107_an7_066_06_0022.png,정상
p01_20230107_an7_066_06_0022.png,정상
p01_20230107_an7_066_06_0023.png,안전거리 미확보 차선 변경
p01_20230107_an7_066_06_0023.png,정상
p01_20230107_an7_066_06_0023.png,정상
p01_20230107_an7_066_06_0023.png,정상
p01_20230107_an7_066_06_0023.png,정상
p01_20230107_an7_066_06_0023.png,정상
p01_20230107_an7_066_06_0023.png,정상
p01_20230107_an7_066_06_0024.png,안전거리 미확보 차선 변경
p01_20230107_an7_066_06_0024.png,정상
p01_20230107_an7_066_06_0024.png,정상
p01_20230107_an7_066_06_0024.png,정상
p01_20230107_an7_066_06_0024.png,정상
p01_20230107_an7_066_06_0024.png,정상
p01_20230107_an7_066_06_0024.png,정상
p01_20230107_an7_066_06_0025.png,정상
p01_20230107_an7_066_06_0025.png,안전거리 미확보 차선 변경
p01_20230107_an7_066_06_0025.png,정상
p01_20230107_an7_066_06_0025.png,정상
p01_20230107_an7_066_06_0025.png,정상
p01_20230107_an7_066_06_0025.png,정상
p01_20230107_an7_066_06_0025.png,정상
p01_20230107_an7_066_06_0026.png,정상
p01_20230107_an7_066_06_0026.png,안전거리 미확보 차선 변경
p01_20230107_an7_066_06_0026.png,정상
p01_20230107_an7_066_06_0026.png,정상
p01_20230107_an7_066_06_0026.png,정상
p01_20230107_an7_066_06_0026.png,정상
p01_20230107_an7_066_06_0026.png,정상
p01_20230107_an7_066_06_0027.png,안전거리 미확보 차선 변경
p01_20230107_an7_066_06_0027.png,정상
p01_20230107_an7_066_06_0027.png,정상
p01_20230107_an7_066_06_0027.png,정상
p01_20230107_an7_066_06_0027.png,정상
p01_20230107_an7_066_06_0027.png,정상
p01_20230107_an7_066_06_0027.png,정상
p01_20230107_an7_066_06_0027.png,정상
p01_20230107_an7_066_06_0027.png,정상
p01_20230107_an7_066_06_0028.png,정상
p01_20230107_an7_066_06_0028.png,안전거리 미확보 차선 변경
p01_20230107_an7_066_06_0028.png,정상
p01_20230107_an7_066_06_0028.png,정상
p01_20230107_an7_066_06_0028.png,정상
p01_20230107_an7_066_06_0028.png,정상
p01_20230107_an7_066_06_0028.png,정상
p01_20230107_an7_066_06_0028.png,정상
p01_20230107_an7_066_06_0029.png,정상
p01_20230107_an7_066_06_0029.png,안전거리 미확보 차선 변경
p01_20230107_an7_066_06_0029.png,정상
p01_20230107_an7_066_06_0029.png,정상
p01_20230107_an7_066_06_0029.png,정상
p01_20230107_an7_066_06_0029.png,정상
p01_20230107_an7_066_06_0029.png,정상
p01_20230107_an7_066_06_0029.png,정상
p01_20230107_an7_066_06_0030.png,정상
p01_20230107_an7_066_06_0030.png,안전거리 미확보 차선 변경
p01_20230107_an7_066_06_0030.png,정상
p01_20230107_an7_066_06_0030.png,정상
p01_20230107_an7_066_06_0030.png,정상
p01_20230107_an7_066_06_0030.png,정상
p01_20230107_an7_066_06_0030.png,정상
p01_20230107_an7_066_06_0030.png,정상
p01_20230107_an7_066_06_0031.png,정상
p01_20230107_an7_066_06_0031.png,정상
p01_20230107_an7_066_06_0031.png,안전거리 미확보 차선 변경
p01_20230107_an7_066_06_0031.png,정상
p01_20230107_an7_066_06_0031.png,정상
p01_20230107_an7_066_06_0031.png,정상
p01_20230107_an7_066_06_0031.png,정상
p01_20230107_an7_066_06_0031.png,정상
p01_20230107_an7_066_06_0032.png,정상
p01_20230107_an7_066_06_0032.png,정상
p01_20230107_an7_066_06_0032.png,안전거리 미확보 차선 변경
p01_20230107_an7_066_06_0032.png,정상
p01_20230107_an7_066_06_0032.png,정상
p01_20230107_an7_066_06_0032.png,정상
p01_20230107_an7_066_06_0032.png,정상
p01_20230107_an7_066_06_0032.png,정상
p01_20230107_an7_066_06_0033.png,정상
p01_20230107_an7_066_06_0033.png,정상
p01_20230107_an7_066_06_0033.png,안전거리 미확보 차선 변경
p01_20230107_an7_066_06_0033.png,정상
p01_20230107_an7_066_06_0033.png,정상
p01_20230107_an7_066_06_0033.png,정상
p01_20230107_an7_066_06_0033.png,정상
p01_20230107_an7_066_06_0033.png,정상
p01_20230107_an7_066_06_0034.png,정상
p01_20230107_an7_066_06_0034.png,정상
p01_20230107_an7_066_06_0034.png,안전거리 미확보 차선 변경
p01_20230107_an7_066_06_0034.png,정상
p01_20230107_an7_066_06_0034.png,정상
p01_20230107_an7_066_06_0034.png,정상
p01_20230107_an7_066_06_0034.png,정상
p01_20230107_an7_066_06_0034.png,정상
p01_20230107_an7_066_06_0035.png,정상
p01_20230107_an7_066_06_0035.png,정상
p01_20230107_an7_066_06_0035.png,안전거리 미확보 차선 변경
p01_20230107_an7_066_06_0035.png,정상
p01_20230107_an7_066_06_0035.png,정상
p01_20230107_an7_066_06_0035.png,정상
p01_20230107_an7_066_06_0035.png,정상
p01_20230107_an7_066_06_0035.png,정상
p01_20230107_an7_066_06_0036.png,정상
p01_20230107_an7_066_06_0036.png,정상
p01_20230107_an7_066_06_0036.png,안전거리 미확보 차선 변경
p01_20230107_an7_066_06_0036.png,정상
p01_20230107_an7_066_06_0036.png,정상
p01_20230107_an7_066_06_0036.png,정상
p01_20230107_an7_066_06_0036.png,정상
p01_20230107_an7_066_06_0036.png,정상
p01_20230107_an7_066_06_0037.png,정상
p01_20230107_an7_066_06_0037.png,안전거리 미확보 차선 변경
p01_20230107_an7_066_06_0037.png,정상
p01_20230107_an7_066_06_0037.png,정상
p01_20230107_an7_066_06_0037.png,정상
p01_20230107_an7_066_06_0037.png,정상
p01_20230107_an7_066_06_0037.png,정상
p01_20230107_an7_066_06_0037.png,정상
p01_20230107_an7_066_06_0038.png,정상
p01_20230107_an7_066_06_0038.png,안전거리 미확보 차선 변경
p01_20230107_an7_066_06_0038.png,정상
p01_20230107_an7_066_06_0038.png,정상
p01_20230107_an7_066_06_0038.png,정상
p01_20230107_an7_066_06_0038.png,정상
p01_20230107_an7_066_06_0038.png,정상
p01_20230107_an7_066_06_0038.png,정상
p01_20230107_an7_066_06_0038.png,정상
p01_20230107_an7_066_06_0039.png,정상
p01_20230107_an7_066_06_0039.png,안전거리 미확보 차선 변경
p01_20230107_an7_066_06_0039.png,정상
p01_20230107_an7_066_06_0039.png,정상
p01_20230107_an7_066_06_0039.png,정상
p01_20230107_an7_066_06_0039.png,정상
p01_20230107_an7_066_06_0039.png,정상
p01_20230107_an7_066_06_0039.png,정상
p01_20230107_an7_066_06_0039.png,정상
p01_20230107_an7_066_06_0040.png,정상
p01_20230107_an7_066_06_0040.png,정상
p01_20230107_an7_066_06_0040.png,정상
p01_20230107_an7_066_06_0040.png,정상
p01_20230107_an7_066_06_0040.png,정상
p01_20230107_an7_066_06_0040.png,안전거리 미확보 차선 변경
p01_20230107_an7_066_06_0040.png,정상
p01_20230107_an7_066_06_0040.png,정상
p01_20230107_an7_066_06_0040.png,정상
p01_20230107_an7_066_06_0041.png,정상
p01_20230107_an7_066_06_0041.png,정상
p01_20230107_an7_066_06_0041.png,정상
p01_20230107_an7_066_06_0041.png,정상
p01_20230107_an7_066_06_0041.png,정상
p01_20230107_an7_066_06_0041.png,안전거리 미확보 차선 변경
p01_20230107_an7_066_06_0041.png,정상
p01_20230107_an7_066_06_0041.png,정상
p01_20230107_an7_066_06_0042.png,정상
p01_20230107_an7_066_06_0042.png,정상
p01_20230107_an7_066_06_0042.png,정상
p01_20230107_an7_066_06_0042.png,정상
p01_20230107_an7_066_06_0042.png,안전거리 미확보 차선 변경
p01_20230107_an7_066_06_0042.png,정상
p01_20230107_an7_066_06_0042.png,정상
p01_20230107_an7_066_06_0042.png,정상
p01_20230107_an7_066_06_0043.png,정상
p01_20230107_an7_066_06_0043.png,정상
p01_20230107_an7_066_06_0043.png,안전거리 미확보 차선 변경
p01_20230107_an7_066_06_0043.png,정상
p01_20230107_an7_066_06_0043.png,정상
p01_20230107_an7_066_06_0043.png,정상
p01_20230107_an7_066_06_0043.png,정상
p01_20230107_an7_066_06_0043.png,정상
p01_20230107_an7_066_06_0044.png,정상
p01_20230107_an7_066_06_0044.png,정상
p01_20230107_an7_066_06_0044.png,안전거리 미확보 차선 변경
p01_20230107_an7_066_06_0044.png,정상
p01_20230107_an7_066_06_0044.png,정상
p01_20230107_an7_066_06_0044.png,정상
p01_20230107_an7_066_06_0044.png,정상
p01_20230107_an7_066_06_0044.png,정상
p01_20230107_an7_066_06_0044.png,정상
p01_20230107_an7_066_06_0045.png,정상
p01_20230107_an7_066_06_0045.png,정상
p01_20230107_an7_066_06_0045.png,안전거리 미확보 차선 변경
p01_20230107_an7_066_06_0045.png,정상
p01_20230107_an7_066_06_0045.png,정상
p01_20230107_an7_066_06_0045.png,정상
p01_20230107_an7_066_06_0045.png,정상
p01_20230107_an7_066_06_0045.png,정상
p01_20230107_an7_066_06_0045.png,정상
p01_20230107_an7_066_06_0046.png,정상
p01_20230107_an7_066_06_0046.png,정상
p01_20230107_an7_066_06_0046.png,안전거리 미확보 차선 변경
p01_20230107_an7_066_06_0046.png,정상
p01_20230107_an7_066_06_0046.png,정상
p01_20230107_an7_066_06_0046.png,정상
p01_20230107_an7_066_06_0046.png,정상
p01_20230107_an7_066_06_0046.png,정상
p01_20230107_an7_066_06_0046.png,정상
p01_20230107_an7_066_06_0047.png,정상
p01_20230107_an7_066_06_0047.png,정상
p01_20230107_an7_066_06_0047.png,안전거리 미확보 차선 변경
p01_20230107_an7_066_06_0047.png,정상
p01_20230107_an7_066_06_0047.png,정상
p01_20230107_an7_066_06_0047.png,정상
p01_20230107_an7_066_06_0047.png,정상
p01_20230107_an7_066_06_0047.png,정상
p01_20230107_an7_066_06_0047.png,정상
p01_20230107_an7_066_06_0048.png,정상
p01_20230107_an7_066_06_0048.png,안전거리 미확보 차선 변경
p01_20230107_an7_066_06_0048.png,정상
p01_20230107_an7_066_06_0048.png,정상
p01_20230107_an7_066_06_0048.png,정상
p01_20230107_an7_066_06_0048.png,정상
p01_20230107_an7_066_06_0048.png,정상
p01_20230107_an7_066_06_0048.png,정상
p01_20230107_an7_066_06_0048.png,정상
p01_20230107_an7_066_06_0049.png,정상
p01_20230107_an7_066_06_0049.png,정상
p01_20230107_an7_066_06_0049.png,정상
p01_20230107_an7_066_06_0049.png,안전거리 미확보 차선 변경
p01_20230107_an7_066_06_0049.png,정상
p01_20230107_an7_066_06_0049.png,정상
p01_20230107_an7_066_06_0049.png,정상
p01_20230107_an7_066_06_0049.png,정상
p01_20230107_an7_066_06_0049.png,정상
p01_20230107_an7_066_06_0050.png,정상
p01_20230107_an7_066_06_0050.png,정상
p01_20230107_an7_066_06_0050.png,정상
p01_20230107_an7_066_06_0050.png,정상
p01_20230107_an7_066_06_0050.png,안전거리 미확보 차선 변경
p01_20230107_an7_066_06_0050.png,정상
p01_20230107_an7_066_06_0050.png,정상
p01_20230107_an7_066_06_0050.png,정상
p01_20230107_an7_066_06_0050.png,정상
p01_20230107_an7_066_06_0051.png,정상
p01_20230107_an7_066_06_0051.png,정상
p01_20230107_an7_066_06_0051.png,정상
p01_20230107_an7_066_06_0051.png,정상
p01_20230107_an7_066_06_0051.png,정상
p01_20230107_an7_066_06_0051.png,정상
p01_20230107_an7_066_06_0051.png,안전거리 미확보 차선 변경
p01_20230107_an7_066_06_0051.png,정상
p01_20230107_an7_066_06_0051.png,정상
p01_20230107_an7_066_06_0052.png,정상
p01_20230107_an7_066_06_0052.png,정상
p01_20230107_an7_066_06_0052.png,정상
p01_20230107_an7_066_06_0052.png,정상
p01_20230107_an7_066_06_0052.png,정상
p01_20230107_an7_066_06_0052.png,정상
p01_20230107_an7_066_06_0052.png,안전거리 미확보 차선 변경
p01_20230107_an7_066_06_0052.png,정상
p01_20230107_an7_066_06_0053.png,정상
p01_20230107_an7_066_06_0053.png,정상
p01_20230107_an7_066_06_0053.png,정상
p01_20230107_an7_066_06_0053.png,정상
p01_20230107_an7_066_06_0053.png,정상
p01_20230107_an7_066_06_0053.png,정상
p01_20230107_an7_066_06_0053.png,정상
p01_20230107_an7_066_06_0053.png,안전거리 미확보 차선 변경
p01_20230107_an7_066_06_0054.png,정상
p01_20230107_an7_066_06_0054.png,정상
p01_20230107_an7_066_06_0054.png,정상
p01_20230107_an7_066_06_0054.png,정상
p01_20230107_an7_066_06_0054.png,정상
p01_20230107_an7_066_06_0054.png,정상
p01_20230107_an7_066_06_0054.png,정상
p01_20230107_an7_066_06_0054.png,정상
p01_20230107_an7_066_06_0055.png,정상
p01_20230107_an7_066_06_0055.png,정상
p01_20230107_an7_066_06_0055.png,정상
p01_20230107_an7_066_06_0055.png,정상
p01_20230107_an7_066_06_0055.png,정상
p01_20230107_an7_066_06_0055.png,정상
p01_20230107_an7_066_06_0055.png,정상
p01_20230107_an7_066_06_0055.png,정상
p01_20230107_an7_066_06_0056.png,정상
p01_20230107_an7_066_06_0056.png,정상
p01_20230107_an7_066_06_0056.png,정상
p01_20230107_an7_066_06_0056.png,정상
p01_20230107_an7_066_06_0056.png,정상
p01_20230107_an7_066_06_0056.png,정상
p01_20230107_an7_066_06_0056.png,정상
p01_20230107_an7_066_06_0056.png,정상
p01_20230107_an7_066_06_0056.png,정상
p01_20230107_an7_066_06_0057.png,정상
p01_20230107_an7_066_06_0057.png,정상
p01_20230107_an7_066_06_0057.png,정상
p01_20230107_an7_066_06_0057.png,정상
p01_20230107_an7_066_06_0057.png,정상
p01_20230107_an7_066_06_0057.png,정상
p01_20230107_an7_066_06_0057.png,정상
p01_20230107_an7_066_06_0057.png,정상
p01_20230107_an7_066_06_0058.png,정상
p01_20230107_an7_066_06_0058.png,정상
p01_20230107_an7_066_06_0058.png,정상
p01_20230107_an7_066_06_0058.png,정상
p01_20230107_an7_066_06_0058.png,정상
p01_20230107_an7_066_06_0058.png,정상
p01_20230107_an7_066_06_0058.png,정상
p01_20230107_an7_066_06_0058.png,정상
